0,0,0,0,0,121466.39,0,3182.95,114976,20673,0,99700,0,0,0,63563,0,0,0,0,0,146346.23,123708.2,0,75972,75620,126528,94006,83557,108249,0,0,0,301582.17,0,0,104406.25,0,0,0,72864.4,59658.09,122893,0,105002,45713,0,1308390.33,31896,22510.1,146838.74,28326,80509,0,0,0,0,0,117406.5,0,0,0,301844,0,0,185652,0,72416.4,0,93821,71343.83,86959.65,0,94411,94597,104581,0,0,0,0,0,88825,0,64558,0,0,0,0,0,47610,0,0,0,0,0,0,0,147699.21,0,336718.44,0,0,76020.28,0,0,0,0,55028.51,0,0,0,0,0,0,0,0,0,0,0,0,53338,13700.7,0,85160,0,0,0,0,137047.83,0,0,0,65608,0,0,0,74603,0,0,79182,0,0,0,0,131362,0,147500,51459,0,0,0,32261.68,0,138026,41100,0,0,0,0,0,70256,0,37672.41,0,0,71298,0,0,0,0,75360,0,0,0,166656,0,0,0,0,66353,63621.29,75378,93343,128605.29,202085,103938.09,100341.4,41681,0,0,112063,79059.78,195625.46,0,51676,20550,41607,0,58505,0,0,83232.97,63540.33,51451,0,0,0,29971,0,0,0,0,0,0,0,38593,103921,0,28148.22,69009,67676.72,0,430399,81480,119426,0,0,0,0,25416.41,0,43611,0,0,0,0,77637,0,71109,0,45583,0,0,50671,0,0,83230.77,0,0,0,0,0,105532,117101,0,146713.8,0,0,0,0,143605.53,0,166869,108467,0,0,35213,137702,0,0,0,0,143866,23204.64,0,0,120693.88,266066.56,53891,98210,334590,0,87184,0,91719,89304,0,0,0,0,0,0,245795,127213,83999.85,91302.66,98060,36770.32,0,53665.54,44324.16,0,100528,0,0,0,0,0,0,0,21404,0,0,31713,0,106777,0,0,0,112406,0,56376,37947,38868,55269,0,29649,168618,126024.64,63603,0,0,67931,0,0,0,0,0,0,0,0,0,333780.93,0,0,0,0,0,59966,32960,0,0,0,0,0,8996,0,74722,0,104708,96463.88,162247,44931,50086,0,0,0,22609,45845,117256.22,0,0,40076,151462,0,0,0,191087,0,0,41825,60031.21,58592,0,67617,0,0,0,0,0,0,0,0,0,0,0,246982.07,0,37318,0,0,0,0,0,0,48552,0,0,0,0,164313,66470,0,67797,0,0,21789,0,0,80116,95346,0,43152,0,57882,44177,37998,0,0,95954,0,37097,0,60235,0,17236373.91
0,0,0,0,0,297070.32,0,27688.1,218511,23254,0,186398.06,0,0,0,129411.93,0,0,0,0,0,370179.28,261762.86,0,115214,141991,305767.41,274510.95,191189.84,168171,67196.17,0,0,531774.36,0,0,222214.68,0,0,0,212012.24,277391.39,307443.05,0,172707.6,127606,0,1449934.79,91348,73058.36,317241.75,73038.27,126415,0,0,0,0,0,233600.35,0,0,0,521382.44,0,0,311696,0,162231.63,0,138966,168420.73,127306.4,199667,275126.32,189520,202360,0,0,0,0,0,174024,0,175124,0,0,0,0,0,129535.1,0,0,0,0,0,0,0,235882,0,398204.06,0,0,128542.58,0,0,0,0,117910.56,0,0,0,0,0,0,0,0,0,0,9724,0,133011,22816.16,0,156238,0,0,0,0,232543.34,0,0,0,190078,0,0,0,141348.84,0,0,154639,0,0,0,0,218685,0,311834.35,130298.83,0,124534,0,66389.96,0,270397.91,111235,0,0,0,0,0,116769,0,89402.52,0,0,150965,0,0,0,0,157624.29,0,0,0,304769.17,0,0,0,0,114722.62,180421.87,234255,186693.77,232081.88,253603,274168.09,174919.97,1932760,0,0,201192,162571.78,390564.46,0,116782,105277,81051,39309,58505,0,0,174738.09,79419.09,165698,0,0,0,91331.78,0,0,0,0,0,0,0,106541.7,180034.79,0,67029.41,194308,110316.89,0,839981,164219,215578,0,0,0,0,58412.59,0,110868,0,0,0,0,94656.5,0,146058,0,115760,0,0,93113,0,0,167852.44,0,0,0,0,0,277698.94,215354.18,0,316181.67,0,0,0,0,296377.03,0,273474.35,185442.03,0,0,108371.72,321266.28,0,0,0,0,307273.77,64905.46,0,0,213839.16,643805.35,70426.77,231578.64,535644,0,169992,0,137623,178010,0,0,0,0,0,0,454336,218530,187377.65,180338.59,209873.41,74202.66,0,115144.99,142645.09,0,160814,0,0,0,0,0,0,0,56095.74,0,0,107096.51,0,193061.7,0,0,0,253262.98,0,106296,75671,98413,117507.24,0,88034.92,392751.22,280465.01,158996.27,0,0,119636.27,0,89806.91,0,0,0,0,0,0,0,688212.93,0,0,0,0,0,107725,102570,0,0,0,0,0,61330.66,0,190297.13,0,185663.29,241633.24,456199,67791,92702,0,0,0,62782,171332,229637.66,0,0,59409,236665,0,0,0,407499.95,2500,0,129990.66,158384.02,180048,0,176686,0,0,0,0,0,0,0,0,0,0,0,474676.27,0,109030,0,0,0,0,0,0,74183,0,0,0,0,350125,115798.14,0,124824,0,154349.13,66792.99,0,0,145497,179344,0,91077.17,0,151856,97994,67172,0,0,177890.55,0,95598.3,0,82828,0,36653814.27
0,0,0,0,0,523872.99,0,1235816.69,444668.44,374426.66,0,420543.79,0,0,0,278264.54,0,0,76627.63,0,0,555082.5,574046.16,0,315305.4,234639.04,504231.09,565497.9,392012.85,385582.58,624320.73,0,0,663153.91,0,0,498946.58,0,0,0,390364.63,454908.91,424301.77,0,393937.03,287185.19,0,1528645.23,271912.19,153595.22,509729.81,185283.36,232154.51,0,0,0,0,0,379665.49,0,0,0,750272.98,0,0,649100.05,0,428476.73,0,251269.96,548751.84,262225.98,690484.8,625763.7,399004.17,476580.93,0,0,0,0,0,297373.15,0,339935.74,0,0,0,0,0,220070.28,0,0,0,0,0,0,0,357057.21,0,507759.66,0,0,208335.58,0,0,0,0,152362.52,0,0,0,0,0,0,0,0,0,0,366783.45,0,193312.82,68446.94,454342.14,291170.06,0,0,0,0,335445.98,0,0,0,338259.54,0,0,0,202768.64,0,0,294273.32,0,0,0,0,360528.52,0,660493.67,240515.65,0,2241926.68,0,134198.16,0,522280.88,248720.64,0,0,0,0,0,184710.64,0,152559.32,0,0,316342.84,0,0,0,0,281849.16,0,0,0,452366.56,0,0,0,0,197248.82,288917.92,401147.09,330115.61,415867.13,324051.35,384246.29,279524.6,2208767.18,0,118913.94,278560.81,293618.29,683571,0,198453.13,270934.9,143395.17,357836.78,239691.28,0,0,303463.58,210387.66,210041.18,0,0,0,208999.56,0,0,0,0,0,0,0,373202.06,289557.96,0,134882.45,404850.76,176311.61,0,1737786.29,315572.26,497606.02,0,0,0,0,359453.36,0,183706.08,0,186080.38,0,0,155333.78,215910.27,293590.72,0,215013.58,0,0,209616.93,0,0,382126.34,0,0,0,0,0,425391.36,386850.06,0,578347.58,0,0,0,0,482116.93,0,471064.84,321203.03,0,0,209044.55,605453,0,0,0,26385.96,467735,147079.84,0,0,405986.44,1006080.72,97042.35,355552.6,765512.14,0,293621.63,0,220847.4,254908.03,0,0,0,0,0,0,743614.44,332684.96,376795.58,394563,347306.08,230960.88,0,237339.11,240737.92,0,330806.53,0,0,0,0,0,0,0,253337.14,0,0,164890.85,0,347350.73,0,0,0,599053.55,0,229667.37,135381.64,196672.67,283773.25,0,145153.44,1978448.63,523282.08,487780.05,0,0,269296.58,0,181583.01,0,0,0,0,0,0,0,1508337.45,0,0,0,0,0,214550.11,213562.85,0,0,0,0,0,264635.26,831423.67,322712,0,355995.85,394082.16,631228.31,130962.92,257923.98,0,0,0,146712.42,279114.73,403079.9,0,0,139100.64,385533.41,0,0,0,686614.19,357058.32,0,203939.22,232335.8,308506.03,0,249838.79,0,0,0,0,0,0,0,0,0,0,0,681658.54,0,210309.37,0,0,0,0,0,0,110447.65,0,0,0,0,490333.53,258089.52,0,242740.71,0,372983.69,256273.01,0,0,289203.67,229394.56,0,191356.62,0,329936.43,169287.91,161013.52,0,0,301246.21,0,149435.13,0,266869.29,0,73641728.15
0,0,0,0,0,770036.39,0,1444263.16,1315411.1,440629,0,2050225.18,0,0,0,679777.78,0,0,545702.87,0,0,1036484.73,860035.18,0,937724.06,438058.5,863432.85,894666.07,605643.72,628870.1,1648541.43,0,0,908615.02,0,0,1512882.27,0,0,0,713661.99,758238.77,749923.75,0,509695.37,441255.52,0,1623426.58,449247.28,262947.07,1206050.45,244635.39,283871.32,0,0,0,0,0,511554.59,0,0,0,1290371.69,0,0,867355.81,0,905141.09,0,582448.87,803238.34,402025.68,966950.05,911965.71,787843.11,776269.79,0,0,0,0,0,565843.02,0,686769.86,0,0,0,0,0,406849.4,0,0,0,0,0,280909.59,0,737559.95,0,683831.51,0,0,325687.51,0,0,0,0,438813.22,0,0,0,0,0,0,0,0,0,0,1505194.43,0,306025.83,1059171.21,2131812.94,537599.61,0,0,0,0,673060.39,191287.12,0,0,1316040.65,0,0,0,299463.75,0,0,466186.56,0,0,0,0,774110.8,0,749708.07,419273.73,0,2971518.5,0,215236.3,0,864510.11,870955.23,0,0,0,0,0,1099927.54,0,1144670.09,0,0,1871419.76,0,0,0,0,1451065.23,0,0,0,1061734.27,0,0,0,0,635464.32,441770.64,628447.53,498849.78,898703.86,515116.64,705778.55,448947.79,2386570.44,0,1279282.65,1063988.7,830822.87,1236903.31,0,466162.62,2985331.92,521310.46,1172768.3,717666.4,0,0,1007806.74,342839.21,421347.73,0,0,0,416091.65,0,0,0,0,0,0,0,699557.81,507209.48,0,535218.87,1030632.01,351892.74,0,3389309.7,596708.53,1403641.9,0,0,0,0,647651.76,0,371022.38,0,722625.25,0,0,358872.24,979084.66,652181.89,0,702376.9,0,0,555398.02,0,0,1812483.3,0,0,0,0,0,643966.75,467511.44,0,1787770.22,0,0,0,0,853886.78,0,863015.02,604693.16,0,0,290536.18,1717223.51,0,0,0,969233.01,756133.59,321730.3,0,0,916778.14,1749976.21,214155.47,1315944.34,1646416.16,0,1414778.37,0,421840.53,652931.84,0,0,0,0,0,0,1794934.57,630088.24,557817.3,911147.8,684571.3,336882.37,0,519230.89,429103.15,0,606398.79,0,0,0,0,0,0,0,862115.45,0,0,344789.33,0,1029908.26,0,0,0,1050966.23,0,353546.17,286419.52,622129.86,355580.42,0,1179636.55,2386864.65,1554825,648213.48,0,0,1714895.16,0,378821.44,0,0,0,0,0,0,0,3231934.48,0,0,0,0,0,406714.2,393655.65,0,0,0,0,0,1280215.02,1888571.02,595541.42,0,553868.47,863757.97,1070936.15,228054.93,1566764.2,0,0,0,271634.64,413163.71,1555672.43,0,0,330842.85,633494.36,0,0,0,1566090.75,1107794.41,0,559409.13,411853.06,549220.04,0,462421.2,0,0,0,0,0,0,0,0,0,0,0,1198586.18,0,1405200.87,0,0,0,0,0,0,176019.15,0,0,0,0,1623003.28,1085886.89,0,645334.01,0,1768785.89,781956.26,0,0,914659.42,436387.08,0,769579.78,0,1238880.06,603610.78,478093.35,0,0,860380.96,0,326466.59,0,374852.82,0,166149893.8
0,0,0,0,0,166661.53,0,100605.96,103038.59,4829.3,0,144364.08,0,0,0,53675.77,0,0,53822,0,0,247869.35,174943.66,0,131919.73,57678.6,183284.64,171907.1,120635.81,41965.37,124592.07,0,0,0,0,0,196623.51,0,0,0,285747.31,133384.9,150724.14,0,90780.51,129117.17,106705.97,61081.34,119060.48,33574.23,166793.47,28102.21,37714.1,0,0,0,0,0,61759.69,0,0,0,363329.22,0,0,326158.17,0,64479.82,0,62255.06,95746.81,150869.68,520461.93,126876.1,92348.06,161231.65,0,0,0,0,0,105325.52,0,108150.24,0,0,0,0,0,88061.65,0,0,0,0,0,155888.27,0,134684,141595.61,0,0,0,71028.92,0,0,0,0,89517.28,0,0,0,0,0,0,0,0,0,39064.23,111657.06,0,71790.77,105794.29,21952.11,75364.84,0,0,0,0,122638.82,154114.08,0,0,75183.06,0,0,0,41620.46,0,0,97758.28,0,0,0,0,72407.54,0,83625.68,0,0,175236.23,0,77350.43,17508.54,339981.18,99889.66,0,0,0,0,0,88222.57,0,0,0,0,65553.62,0,0,0,0,0,0,0,0,156710.21,0,0,0,0,34183.64,89383.26,126228.06,147528.96,64644.09,54982.93,139744.14,139307.96,105298.79,0,61503.16,155147.03,68433.99,322279.97,0,89925.37,222135.18,43797.24,134022.85,80273.37,0,0,99145.93,96115.64,112464.28,0,0,0,107187.76,0,0,0,0,0,0,0,77017.99,100924.57,0,49800.25,118988.5,31938.48,0,26303.95,80888.88,0,0,0,0,0,29431.86,0,62104.53,0,0,0,0,14109.39,0,122820.19,0,91214.83,0,0,78282.92,0,0,221991.19,0,0,0,0,0,152466.09,118794.98,0,231130.1,0,0,0,0,249743.18,0,162908.12,177086.19,0,0,30521.07,173538.29,0,0,0,166312.89,140597.98,23848.28,0,0,130055.74,341598.4,43034.28,99229.18,341235.46,0,180081.49,0,96846.77,62485.25,0,0,0,0,0,0,215177.61,165215,115737.65,193321.62,223852.6,103704.89,0,94580.03,66660.32,0,106102.43,0,0,0,0,0,0,0,9465.68,0,0,67987.92,0,0,0,0,0,237376.44,0,99387.68,50354.62,51292.14,55989.48,0,49238.45,217025.99,0,83766.01,0,0,123681.33,0,64301.47,0,0,0,0,0,0,0,295682.53,80145.53,0,0,0,0,110788.35,85940.08,0,0,0,0,0,56642.03,75521.92,116179.18,0,130217.69,183641.64,0,0,0,0,0,0,36453.95,121644.68,58595.41,0,0,0,101101.96,0,0,0,0,117581.04,0,47522.18,50401.2,145595.31,0,103265.38,0,0,0,0,0,0,0,0,0,0,0,0,0,84803.73,0,0,0,0,0,0,27539.42,0,0,0,0,183685.15,102497.11,0,98228.22,0,23680.74,68130.36,0,0,124471.4,94996.24,0,70319.29,0,141611.05,65316.09,0,0,0,95734.76,0,37589.04,0,133328.01,0,20618529.14
0,0,0,0,0,322333.55,0,218396.18,254345.41,8286.8,0,219925.53,0,0,0,119535.04,0,0,185728.52,0,0,505668.21,337248.57,0,301859.38,212610.18,353258.91,281329.25,289273.95,117935.28,299950.17,0,0,69792.13,0,0,389686.22,0,0,0,345324.83,376173.55,295115.8,0,200638.29,300460.78,246387.29,138628.59,238374.72,81717.81,287989.43,75462.88,81498.28,0,0,0,0,0,141171.98,0,0,0,716441.7,0,0,566538.47,0,136331.66,0,135875.33,180144.7,267358.84,675128.11,303339.23,231644.18,435886.14,6246.51,0,0,0,0,187429.78,0,241198.86,0,0,0,0,0,194545.52,0,0,0,0,0,297934.45,0,265216.29,329177.15,0,0,0,144030.95,0,0,0,0,193069.96,0,0,0,0,0,0,0,0,0,125350.62,468688.1,0,169252.32,129672.71,48031.55,130969.4,0,0,0,0,331440.04,233776.16,0,0,142582.65,0,0,0,79309.01,0,0,282844.72,0,0,0,0,185598.11,0,162237.18,0,0,339748.17,0,134769.48,52639.19,553371.71,264327.66,0,0,0,0,0,140721.23,0,0,0,0,177371.93,0,0,0,0,0,0,0,0,328015.76,0,0,0,0,87322.71,163486.17,274198.46,290446.75,115464.63,145282.29,280506.51,260795.69,260500.41,0,169436.46,266156.85,188269.97,528637.1,0,205423.01,351732.85,125942.3,229198.3,197653.16,0,0,215913.43,225395.84,251129.05,0,0,0,172756.11,0,0,0,0,0,0,0,174329.33,184413.67,0,101707.69,297794.6,91477.85,0,151049.84,246593.15,0,0,0,0,0,63816.39,0,131612.34,0,0,0,0,32869.05,0,242782.02,0,166242.45,0,0,150653.64,0,0,367798.75,0,0,0,0,0,292864.85,197482.67,0,377869.2,0,0,0,0,534694.54,0,307384.14,325089.16,0,0,79660.63,326220.43,0,0,0,356215.38,299775.28,70595.53,0,0,261260.81,731127.21,96472.62,218353.35,544329.68,0,346909.72,0,199394.88,152726.77,0,0,0,0,0,0,444689.37,244243.98,264694.49,301975.7,347816.8,232724.88,0,118288.08,196023.76,0,185770.79,0,0,0,0,0,0,0,47494.26,0,0,130010.27,0,35070.41,0,0,0,409420.33,0,191733.6,125800.01,176169.25,121985.88,0,103832.59,588148.34,114083.85,228680.41,0,0,236017.68,0,171586.44,0,0,0,0,0,0,0,577795.17,190623.08,0,0,0,0,191312.03,205961.38,0,0,0,0,0,144712.3,184503.74,280401.73,0,198776.25,397491.42,0,0,0,0,0,0,141004.95,258035.54,177516.58,0,0,0,254112.02,0,0,0,0,207551.89,0,153076.19,166836.5,320275.72,0,207652.87,0,0,0,0,0,0,0,0,0,0,0,0,0,162324.65,0,0,0,0,0,0,91269.76,0,0,0,0,376139.22,223053.61,0,245184.62,0,92304.06,143683.9,0,0,211323.77,147208.36,0,158423.57,0,390873.65,158136.77,0,0,0,185299.73,0,84056.26,0,167647.25,0,42522408.42
0,0,0,0,0,428118.2,0,873411.68,505746.25,134358.29,0,520288.82,0,0,0,230428.46,0,0,322671.68,0,0,770818.82,508051.14,0,1032917.01,312768.84,604183.35,393868.82,389974.06,276553.38,543474.23,0,0,903206.37,0,0,566193.11,0,0,0,645358.84,656501.13,478365.65,0,330888.36,418213.04,371997.6,174362.43,384452,121815.79,456357.68,166657.65,175470.46,0,0,0,0,0,244252.78,0,0,0,998227.51,0,0,813183.3,0,261488.95,0,239730.62,372346.73,407275.84,956559.71,531166.42,435033.88,638399.26,174011.96,0,0,0,0,361349.12,0,445013.44,0,0,0,0,0,390916.31,0,0,0,0,0,376138.24,0,538049.94,780879.81,0,0,0,280367.04,0,0,0,0,343060.26,0,0,0,0,0,0,0,0,0,439568.7,715072.68,0,321906.49,158354.52,221908.92,433156.09,0,0,0,0,456037.03,307684.28,0,0,286410.25,0,0,0,227797.2,0,0,467441.71,0,0,0,0,344715.37,0,331890.23,0,0,540892.69,0,365009.01,272869.16,811270.58,464983.88,0,0,0,0,0,269446.53,0,0,0,0,360187.1,0,0,0,0,0,0,1058315.35,0,478474.07,127262.21,0,0,0,261267.21,339538.63,490724.02,513268.7,266076.85,245992.05,453042.18,384949.6,427629.39,0,362140.14,401532.4,374392.11,858268.73,0,346206.03,583353.33,233730.84,362025.33,377619.69,0,0,468614.55,400356.33,362679.4,0,0,0,217800.18,0,0,0,0,0,0,0,319163.08,320968.55,0,137862.38,579408.46,155155.9,0,340591.33,376897.34,293545.18,0,0,0,0,143143.77,0,218263.42,0,121125.85,0,0,85744.51,0,403850.33,0,402855.3,0,0,275563.4,0,0,512036.33,0,0,0,0,0,507927.2,361220.2,0,597293.53,0,0,0,0,763070.94,0,522812.08,409341.31,0,0,186197.84,572586.77,0,0,0,519592.2,456081.89,157152.27,0,0,587998.37,1063198.21,208347.38,389148.88,920014.27,0,585876.24,0,278483.64,269836.25,0,0,0,0,18295.47,0,696336.8,456356.03,411122.62,602135.75,565808.09,425365.97,0,153075.74,311233.57,0,289496.21,0,0,0,0,0,0,0,109956.79,0,0,240765.91,0,224343.2,0,0,0,742225.21,0,407114.82,199676.19,367499.11,222842.7,0,183942.8,1076721.34,2212891.26,418362.79,0,0,411332.33,0,284513.22,0,0,0,0,0,0,0,995914.06,281559.62,0,0,0,0,330427.08,336641.41,0,0,0,0,0,307897.3,349839.5,550100.45,0,331717.61,707429.33,0,0,0,0,0,0,249837.95,368774.03,528079.72,0,0,0,464167.43,0,0,0,0,1374506.2,0,262600.94,677686.27,543754.1,0,265174.83,0,0,0,0,0,0,0,0,0,0,0,501002.26,0,296604.1,0,0,0,0,0,0,171583.14,0,0,0,0,941786.37,431431.53,0,504729.37,0,369219.87,366858.41,0,0,425197.41,212062,0,317353.59,0,746167.74,398602.79,67818.23,0,0,423817.48,0,256348.98,0,298056.52,0,82205302.14
0,0,0,0,0,588843.11,0,1068611.34,947844.67,880501.15,0,756927.36,0,0,0,624274.43,0,0,618857.51,0,0,1271920.07,780202.04,0,1190650.91,455740.74,939395.19,539480.47,598745.98,616328.02,809020.42,0,0,1937319,0,0,1009296.36,0,0,0,871679.14,902395.52,955788.16,0,453719.13,623029.37,527095.52,259668.78,569035.65,330985.99,763785.31,307061.41,273763.75,0,0,0,0,0,450292.17,0,0,0,1837082.54,0,0,1145932.91,0,657933.4,0,387183.15,562628.41,571961.78,1240548.18,783149.48,620604.06,885444.79,1625025.31,0,0,0,0,604523.46,0,714896.47,0,0,0,0,0,630809.68,0,0,0,0,0,488716.85,0,939369.76,2182902.92,0,0,0,947436.01,0,0,0,0,929052.84,0,0,0,0,0,0,0,0,0,1878826.7,980338.7,0,761281.18,1307933.13,569682.74,547103.24,0,0,0,0,1055649.09,784829.47,0,0,1545137.84,0,0,0,361038.61,0,0,637573.79,0,0,0,0,752450.01,0,527373.8,49004.72,0,689469.77,0,438684.04,1586834.99,1068964.79,1076758.4,0,0,0,0,0,419607.13,0,0,0,0,2362892.17,0,0,0,0,0,0,1623089.5,0,960793.87,1761982.39,0,0,0,460468.2,427868.82,1184244.23,1290346.9,459983.47,415121.1,1181786.9,953347.04,591801.7,0,648493.07,1023112.57,722212.77,1779293.21,0,877514.61,1235491.42,727777.75,1309200.11,731358.84,0,0,869450.84,591555.76,556536.21,0,0,0,608289.48,0,0,0,0,0,0,0,707389.84,497078.53,0,524074.06,972921.42,262653.62,0,1392253.01,703773.6,1521744.3,0,0,0,0,724660.25,0,416161.05,0,404055.52,0,0,519885.24,0,989602,0,1192565.69,0,0,758421.57,0,0,1807321.16,0,0,0,0,0,851120.73,483005.64,0,1651181.74,0,0,0,0,1038223.01,0,948052.57,630164.86,0,0,452495.01,1248303.21,0,0,0,1908445.7,757125.42,474172.86,0,0,918167.79,1728872.63,351850.92,961868.74,1742429.88,0,1077723.53,0,442152.46,631949.26,0,0,0,0,1372164.34,0,1688008.88,675635.94,602915.11,1160537.17,867432.23,1533828.43,0,406037.35,501715.7,0,601441.64,0,0,0,0,0,0,0,216484.27,0,0,615511.54,0,2018808.18,0,0,0,2752276.29,0,701718.4,909247.74,2054422.13,361537.15,0,378985.73,1559190.38,4572503.97,745792.77,0,0,1608096.6,0,384318.4,0,0,0,0,0,0,0,1958498.44,727300.43,0,0,0,0,757154.66,725835.98,0,0,0,0,0,1145423.62,1169272.44,852696.82,0,614790.11,1225935.67,0,0,0,0,0,0,818831.32,618790.99,2664666.46,0,0,0,757305.77,0,0,0,0,2023852.17,0,632434.98,1123909.16,684976.2,0,405457.19,0,0,0,0,0,0,0,0,0,0,0,838837.04,0,2021531.03,0,0,0,0,0,0,525460.79,0,0,0,0,1677511.08,1628031.12,0,882642.23,0,1412608.93,850019.53,0,0,871613.19,437152.78,0,527674.85,0,1448895.74,1189104.75,933655.97,0,0,775014.88,0,524013.53,0,930084.73,0,179431477.5
0,0,0,0,0,124115.31,0,84283.77,205584.09,13318.4,0,190996.65,0,0,0,57200.05,0,0,69431.63,0,0,354253.75,163668.79,16008.76,127004.7,84033.7,140599.86,167766.71,89802.16,41247.55,97755.87,0,0,151297.4,0,0,135544.43,0,0,0,92601.74,117253.01,167433.59,0,133692.04,111088.67,156117.54,10523.54,0,47185.78,184435.7,0,17689.78,0,0,0,0,0,76405.53,0,0,0,143606.49,0,0,2225599.54,0,213896.34,0,0,177539.45,175378.75,370412.77,164499.48,116063.96,102941.59,130414.61,0,0,0,4685.93,139361.86,10276.55,129946.35,0,1102.4,0,0,0,15795.88,0,0,0,0,0,91341.21,0,188858.45,137155.37,0,0,57771.28,51694.92,0,0,0,0,39322.89,0,0,0,0,0,0,0,0,0,65521.7,260981.33,0,52619.86,0,0,284605.25,0,0,34659.54,0,133227.88,0,20550.66,0,89902.85,0,0,0,99281.53,0,0,200207.75,0,0,0,0,0,0,138617.19,60598.02,0,326788.62,0,52398.72,204639.84,328505.03,144970.33,6314.79,0,0,0,0,111659.82,4777.07,12990.06,0,1520.87,125256.16,0,0,0,0,0,0,174884.17,0,212936.36,66506.79,0,0,0,41798.34,115661.87,123117.16,253038.73,107663.86,71536.7,224528.41,119940.05,174235.86,0,140618.89,0,92278.99,357057.6,0,102769.75,150830.34,54639.45,73067.35,103237.34,0,0,148329.98,106036.46,92331.46,0,0,0,81257.22,0,0,0,0,16469.49,0,0,78561.27,0,0,0,168328.01,42654.07,0,201193.77,110235.64,64851.23,0,0,0,0,76959.28,0,75946.92,0,76489.69,0,0,34950.3,59154.39,117362.41,0,72089.74,0,0,97128.76,0,0,134128.05,0,0,0,0,16476.76,282215.88,124569.87,0,0,0,0,0,0,196987.08,0,184714.54,162203.67,0,0,88436.79,243101.45,0,0,0,157797.16,141603.02,4795.17,0,0,194291.96,356164.02,22033.79,165327.89,518694.68,0,332375.85,0,75083.89,96419.79,0,0,0,0,87637.37,0,184316.29,204620.99,199984.3,321699.76,152187.51,293678.36,0,67703.97,0,0,0,0,0,0,0,0,0,0,525,0,0,50548.87,0,136159.04,0,0,0,242465.85,0,110046.51,64690.73,89662.05,92378.24,0,63132.85,481796.01,236562.41,113156.91,0,0,95756.83,0,82771.55,0,0,0,0,0,11100.01,0,275113.11,122120.46,0,0,0,0,118210.69,188097.89,0,174799.49,0,0,0,63826.25,82789.11,137100.34,0,115001.74,0,0,0,0,0,0,0,51883.29,96861.19,133363.75,0,0,0,154878.44,0,36903.88,5235.34,0,78461.9,0,60643.06,146928.7,72292.15,0,42726.2,0,0,0,0,0,0,0,0,0,0,0,43342.12,0,105323.15,0,0,0,0,0,0,47966.42,0,0,0,0,177885.73,112922.58,0,181199.92,0,109231.4,66330.84,0,0,135852.27,94860.8,0,130843.7,0,421256.93,66146.29,127604.79,0,0,200059.51,0,116338.54,0,99668.97,0,26631353.2
0,0,0,0,0,244444.05,0,159727.1,410052.89,15465.15,0,388321.82,0,0,0,199675.9,0,0,161497.26,5638.46,0,707940.57,323895.28,38091.84,258212.28,188568.45,403726.31,349213.8,288207.39,183777.71,296180.07,0,0,219978.76,0,0,278100.54,0,0,0,647397.56,400807.83,347196.32,0,229078.77,310961.23,309650.82,75370.07,0,151975.07,387980.05,0,57971.91,0,0,0,0,0,234719.32,0,0,0,563604.88,0,0,2503392.66,0,517106.8,0,0,444657.4,311846.25,755537.69,452576.54,264471.9,280099.28,260604.49,0,0,0,118485.95,291523.87,80822.29,348719.58,0,38612.86,0,0,0,71300.84,0,0,0,0,62584.46,278143.52,0,352303.9,270255.74,0,0,198346.04,129281.43,0,0,0,0,144564.05,0,0,0,0,0,0,0,0,0,112707.45,388585.87,0,181603.45,0,0,361127.62,0,0,71406.22,0,336937,0,101659.39,18085.86,160054.3,0,0,0,160575.68,0,0,316593.77,0,0,0,0,0,0,276273.65,126862.17,0,642326.16,0,162198.04,411492.64,597124.79,237118.67,109939.01,0,0,0,0,232188.14,74306.56,73232.36,0,1913.95,216996.06,0,0,0,0,0,0,286977.98,0,317928.21,150668.79,0,0,0,171541.42,218345.92,256658.57,380909.7,194478.97,149711.73,455578.44,264693.37,307821.09,0,285129.36,25813.93,219833.87,679832.03,0,227682.59,379439.67,193663.32,121674.33,262913.01,0,0,269719.63,179984.94,248254.58,0,0,0,138962.88,0,0,0,0,77845.28,0,0,161503.7,0,0,0,364773.14,103113.33,0,363034.41,211659.23,107911.93,0,0,0,0,147430.93,0,118136.73,0,138696.07,0,87985.98,75696.88,205969.96,216172.12,0,158600.32,0,0,199089.39,0,0,239465.08,0,0,0,0,46416.4,535720.53,215055.01,0,0,0,0,0,0,407106.06,0,374218.98,322872.38,0,0,189314.96,516057.21,0,0,0,329243.64,315763.52,21522.35,0,0,380023.52,671647.81,66031.37,291347.11,761361.34,13365.04,496733.74,104220.66,142561.86,294029.59,0,10150,0,0,214702.44,0,371860.36,392085.26,409212.18,667463.26,342056.01,430741.4,0,104672.6,0,0,130,0,0,0,0,0,0,0,37494.59,0,0,95267.03,0,522299.01,0,0,0,412205.49,0,256331.77,131133.84,158562.74,187640.53,15885.92,119033.07,875334.18,398214.51,224688.32,0,0,187441.59,0,191217.32,0,47051.26,0,0,0,111523.9,0,551103.49,236202.95,0,0,0,0,216646.69,346104.62,0,287274.53,0,0,0,166161.79,212668.15,228167.87,0,205194.96,0,0,0,0,0,0,0,105687.9,241713.57,226775.13,0,0,0,273706.03,0,314178.9,161394.74,0,155959.05,0,193535.88,394204.68,218468.51,0,99492.02,0,0,0,0,0,0,0,0,0,0,0,158776.01,0,180129.11,0,0,0,0,0,0,89331.17,0,0,0,0,329891.18,248692.1,67376.42,327059.09,0,172107.13,169465.27,0,0,259517.05,198103.86,0,206372.38,0,597864.01,170264.35,290412.8,0,0,354652.35,110175.71,175301.9,0,166373.43,0,54264797.06
0,0,0,0,0,402425.17,0,409880.78,728378.04,112087.51,0,651244.18,0,0,0,352368.34,112587,0,317422.69,275294.28,0,979322.12,510123.95,303056.48,431292.46,306815.51,631503.94,509199.78,410028.48,434442.69,503994.64,0,0,393949.33,0,0,480924.36,0,0,0,752037.35,618713.62,545465.86,0,328495.17,448800.65,521240.05,126492.68,0,326274.96,910779.84,0,147889.65,0,0,0,0,0,469895.15,0,0,0,936678.47,0,0,2908126.4,0,1668701.44,0,0,1210450.11,515717.12,1293694.1,737304.44,413594.17,610191.78,406777.47,0,0,0,491831.81,628269.35,275371.46,588972.3,0,181318.25,0,0,0,256823.57,0,0,0,0,291320,543722.43,0,566627.47,429686.37,0,0,524119.38,245158.78,0,0,0,0,240611.2,0,0,0,0,0,0,0,0,0,202896.74,797783.71,0,272664.86,0,0,623183.4,0,0,115183.19,0,452203.94,103440.87,696826.49,163918.43,308312.95,0,0,0,517385.66,0,0,520907.3,0,0,0,0,10052.34,0,455785.76,305091.41,0,882197.29,0,317676.03,727420.07,897888.43,673713.85,212500.8,0,0,0,0,417844.82,359874.69,208234.26,0,71992.93,352171.83,0,0,0,437152.68,0,0,403382.98,0,380200.19,333109.57,0,0,0,372112.61,363878.14,542512.35,663167.04,359325.79,230364.85,636229.04,414368.18,480734.86,0,405624.08,203649.29,425637.95,1222435,0,365147.14,488767.73,425894.66,258047.7,384166.66,0,0,387284.5,333138.84,457129.81,0,0,0,272612.47,0,0,0,0,189915.9,0,0,312322.53,69960.13,0,0,602015.08,243134.89,0,568762.4,362451.13,172175.12,0,0,0,0,935713.59,0,173765,0,238211.59,0,419498.69,146330.95,437918.08,362131.01,0,333892,0,0,401928.09,0,0,419716.47,0,0,0,0,231531.25,932829.63,360229.61,0,0,0,0,0,0,565903.3,0,586919.35,528994.21,0,0,220366.63,750055.09,0,0,0,451659.75,550890.1,189764.11,0,0,589809.96,983091,142324.91,496926.68,940342.48,201370.51,705384.9,468896.3,229431.51,408353.07,0,107425.47,0,0,470250.44,0,690345.2,651619.64,565320.08,1040463.72,521417.56,597238.74,0,235948.66,0,0,676331.95,0,0,0,0,0,0,0,1017827.15,0,0,167645.84,0,578018.86,0,0,0,731655.76,0,501286.48,205060.87,250815.19,426609.36,136137.49,391126.6,1481356.32,700144.54,587700.38,0,0,349801.91,0,476613.7,0,226473.96,0,0,138023.07,466376.29,0,1051506.87,359744.24,0,0,0,0,390483.9,614938.67,0,433730.99,0,0,0,303400.64,370564.12,292802.28,0,237358.59,0,0,0,0,0,0,0,173148.46,424717.43,575980.91,0,0,0,425553.3,0,758715.25,849774.31,0,240940.3,0,278510.53,1299414.36,387876.43,0,156599.66,0,0,0,0,0,0,0,0,0,0,0,254630.01,0,310616.77,0,0,0,0,0,0,141482.04,0,0,0,0,565918.62,464677.87,325498.05,519447.15,0,359041.41,279261.53,0,0,429783.51,312757.47,0,349579.95,0,898043.89,267186.71,451958.89,0,0,597312.27,823551.21,376750.11,0,337115.23,0,101335046.9
0,0,0,0,0,589474.44,0,579167.22,1320299.4,643535.85,0,1254483.3,0,0,0,763935.99,1933187.11,0,662762.57,2442124.3,0,1382643.27,733894.19,2423003.47,695537.84,645577.57,1069190.57,763245.86,622374.33,678908.43,952162.28,0,0,722341.45,0,0,922780.48,0,0,0,851909.58,954009.67,900382.65,0,553054.46,767144.93,882870.62,181055.62,0,759625.25,1173318.4,0,317827.19,0,0,0,0,0,744230.41,0,0,0,1829975.79,0,0,3830783.74,0,2001755.75,0,0,1443915.66,719641.83,1853047.23,1054313.37,642409.68,877559.45,2033674.64,0,0,0,2945175.02,953975.5,2410311.74,860826.69,0,2486255,0,0,0,1221830.64,0,0,0,0,2783049.62,976663.12,0,793910.04,615789.74,0,0,4185925.45,427930.23,0,0,0,0,476779.94,0,0,0,0,0,0,0,0,0,2267556.01,1364830.24,0,745261.11,0,0,864373.37,0,0,1849160.1,0,823234.75,1374993.27,2368906.42,488389.26,2060478.89,0,0,0,684697.97,0,0,757060.62,0,0,0,0,808794.81,0,946871.86,414172.54,0,1380463.77,0,414884.54,4299595.11,1134768.96,1208013.31,1589244.91,0,0,0,0,1209932.08,1742345.23,1888700.39,0,726742.72,1852084.17,0,0,0,2224251.22,0,0,723281.66,0,1382615,2596275.71,0,0,0,670486.95,552132.35,705497.56,1159697.78,452784.92,497520.08,947143.85,626800.57,868168.74,0,590988.01,1396587.74,1323764.89,2360633.97,0,560961.57,676666.77,656461.75,737824.94,833139.77,0,0,742098.22,551502.25,913524.7,0,0,0,593819.59,0,0,0,0,1419414.61,0,0,611913.47,786129.87,0,0,1422129.55,464670.78,0,1184967.22,1044008.29,617752.93,0,0,0,0,1393501.37,0,315897.53,0,358694.64,0,1805750.01,535747.41,1767026.8,918526.83,0,800302.87,0,0,1006386.46,0,0,1378065.58,0,0,0,0,1638733.78,1450587.55,495238.96,0,0,0,0,0,0,874198.42,0,1098410.63,912812.1,0,0,396865.24,1674414,0,0,0,1065871.19,1339969.96,623984.26,0,0,1030387.97,2047121.56,314384.8,945645.98,1555663.36,1629868.5,1167031.24,2596899.96,562756.22,685756.37,0,2197561.42,0,0,867309.05,0,1368804.05,844531.99,962908.33,1505482.78,764964.86,837965.68,0,622703.68,0,0,1343852.51,0,0,0,0,0,0,0,1800913.39,0,0,495355.55,0,1000645.44,0,0,0,1130621.57,0,676032.98,753016.92,2030651.76,564663.83,1530008.85,652555.67,3254232.99,2248097.54,829750.64,0,0,649170,0,688703.84,0,1091589.68,0,0,3075721.92,2411247.5,0,2155765.19,829182.73,0,0,0,0,2665541.2,988411.06,0,1332101.33,0,0,0,810403.27,732663.95,939725.75,0,804772.57,619937.71,0,0,0,0,0,0,497424.22,681556.32,3138220.75,0,0,0,694167.28,0,3578102.17,981804.7,0,570704.83,0,712509.53,1765332.09,703809.93,0,410121.31,0,0,0,0,0,0,0,0,0,0,0,392978.66,0,1624170.41,0,0,0,0,0,0,307446.56,0,0,0,0,1054512.41,1249999.7,1737961.25,929512.69,0,1550529.62,735560.28,0,0,995775.32,496255.47,0,642554.09,0,1617305.16,780400.45,668859.94,0,0,1400495.36,3187334.75,1726710.7,0,648645.84,0,253417564.8
0,0,0,0,0,0,0,199681.79,167044.86,18436.3,0,206792.93,0,0,0,169332.76,80918.96,0,68202.05,108685.94,0,278719.64,184012.95,207562.46,0,59956.57,319159.78,174386.1,101301.33,123848.37,107478.69,0,0,83781.51,0,0,187187.31,0,0,0,134515.44,170138.04,208911.35,0,181433.35,285040.03,154013.04,19846.95,0,86828.15,122681.53,265463.16,53284.96,0,0,0,0,0,203169.42,0,0,0,218605.71,0,0,102959.32,0,288055.14,0,77466.52,96637.87,371600.18,843550.59,134221.27,169764.4,53413.13,146087.73,6340.48,0,0,186433.34,221110.44,122588.55,222042.8,17544.02,104328.9,0,0,0,93309.81,0,0,0,0,0,321240.2,0,231343.16,130538.82,0,0,244117.43,52453.52,0,0,0,0,109748.16,0,0,0,0,76665.27,0,0,0,0,115515.2,202372.22,0,102817.86,0,100248.77,50879.01,0,0,54040.03,0,116304.18,127462.06,135526.01,75544.39,77702.08,0,0,0,54632.22,0,0,183969.05,0,28247.04,0,0,126607.41,0,444194.94,64081.72,0,0,0,46370.48,286604.49,354029.31,157613.64,238682.19,0,0,0,0,0,94558.53,122995.69,0,0,91572.37,0,0,0,122609.2,0,0,73535.53,0,0,117235.88,0,0,0,48432.14,126738.77,148578.31,776533.14,438168.96,107907.87,347988.83,147902.24,171684.05,6130.29,142434.85,152552.62,22008.2,657753.69,0,116275.12,483866.97,71004.49,67827.31,117507.29,0,0,83323.73,131657.41,276150.35,0,0,0,63769.21,0,0,0,0,235353.13,0,0,103788.26,56341.14,0,228050.47,237317.1,62409.31,0,158635.05,120684.69,101970.19,0,0,0,0,179774.84,0,66135.79,0,109174.79,0,98479.19,48140.9,97109.81,115816.91,0,150589.43,0,0,93920.85,65569.53,0,121626.17,0,0,0,0,170135.03,899194.38,104592.52,0,167642.95,0,0,0,0,231682.07,0,223907.34,242554.86,30989.15,0,0,415796.62,0,0,0,162270.49,182171.34,98817.11,0,0,294676.95,896617.63,25567.6,102581.99,286055.51,166494.31,418900.66,0,0,100399.86,0,128427.44,23282.36,0,173712.46,0,199408.88,227286.67,323757.88,385149.33,239650.86,144146.29,8416.44,54509.41,0,0,88111.66,0,59716.96,10890.44,0,0,0,0,80956.72,0,0,100181.77,0,147711.14,0,0,0,167340.02,0,141766.35,63656.91,0,329970.2,106134.86,64546.02,462236.32,199274.85,135075.2,0,0,99042.29,0,275337.83,0,155913.33,0,0,114456.78,185870.33,0,380469.19,92617.16,0,0,0,0,169927.6,779497.4,0,0,0,0,0,76633.94,56012.38,145099.53,0,133983.48,10703.48,0,0,0,0,0,0,82606.05,179612.03,112303.18,0,0,0,153074.4,0,0,600117.68,0,147296.04,0,49335.39,131886.1,122367.98,0,51783.94,0,0,0,0,0,0,0,0,0,0,0,33531.64,0,94125.69,0,0,0,0,0,0,136675.86,0,0,0,0,156406.04,183044.1,56250.54,186149.46,0,106778.62,92597.4,0,0,135808.46,48032.11,0,77717.87,0,240644.93,109102.86,106576.34,0,0,106619.59,95692.19,141546.91,0,189187.71,0,36185819.01
0,0,0,0,0,0,0,359423.55,310120.8,28942.85,0,543256.58,110291.05,0,0,298311.26,192283.05,0,163857.84,262872.21,0,637869.44,420375.16,431406.66,0,142103.59,571480.4,459990.75,311097.42,282097.71,316538.21,0,0,190086.13,0,0,339653.36,0,0,0,301295.54,465209.41,463378.12,0,375474.04,617231.75,281690.61,75630.31,0,216416.24,182065.73,557160.87,99597.84,0,0,0,0,0,322412.72,0,0,0,398537.04,0,0,252958.16,0,513424.67,0,184015.94,298176.5,559544.31,1471325.75,455347.62,411091.78,726397.56,281668.63,81030.44,0,0,403922.54,581949.44,240513.4,353775.77,151030.73,231715.07,0,0,0,140938.08,0,0,0,0,0,610869.95,0,540079.18,281253.13,0,0,493187.7,146774.16,22841.26,0,0,0,224033.34,0,0,0,0,103504.77,0,0,0,0,226003.51,307435.27,0,325493.26,0,181806.97,201699.56,0,0,82495.74,0,342055.88,221239.85,231248.16,144388.64,132773.37,0,93992.91,0,133285.79,0,0,300169.82,0,133423.74,0,0,161808.87,0,659765.53,87042.86,0,0,0,85688.68,470728.23,479169.33,365395.23,404265.17,0,0,0,0,0,212819.58,309579.21,0,0,184262.62,0,0,0,250049.05,0,0,140620.23,0,0,274174.17,0,0,0,113246.55,310757.96,286653.84,1133627.28,2600398.44,189549.53,527705.33,243803.7,305058.21,53181.51,214803.14,231243.02,100512.77,1052477.18,0,158341.46,593541.69,340698.29,130714.33,290606.27,0,0,201962.95,296688.5,586586.82,0,0,0,186983.01,0,76421.22,0,42002.58,459911.03,0,0,227787.79,207699.18,0,485914.34,459007.97,193247.03,0,369973.96,260023.24,176412.12,0,0,0,0,426818.65,0,170279.77,0,200386.48,0,213723.9,184666.58,280516.06,334736.2,0,302132.47,0,0,261267.18,272619.5,0,287524.99,0,0,0,0,358338.98,1854040,177811.36,0,374057.53,0,42626.53,0,0,605441.18,0,423671.69,470969.09,195971.76,46174.49,0,924398.61,0,0,0,297192.03,477149.56,143908.55,0,0,534126.15,1504759.87,109931.01,259841.39,551078.97,367621.49,661929.81,0,0,237051.2,0,275020.94,119019.64,0,375346.39,0,430945.31,410532.76,577779.88,1029762.17,387394.27,261927.4,61031.14,67570.97,0,0,148362.2,0,188749.15,83171.62,0,0,0,0,142354.75,0,0,182892.83,0,281622.74,0,0,0,404632.23,0,371007.69,147026.34,0,457228.38,250732.34,151608.29,880251.58,484496.6,241690.32,0,0,191595.16,0,379081.85,37818.68,276383.05,0,0,279631.65,427215.5,0,775400.93,278718.02,0,0,0,0,249778.23,1169763.39,0,0,0,0,0,164794.13,162975.85,371583.78,0,376836.9,33125.2,0,0,0,0,0,0,144694.75,411248.04,259251.81,0,0,0,309051.19,0,0,715039.64,0,173733.56,0,165809.58,659019.11,285705.16,0,128089.76,0,0,0,0,0,0,0,0,0,0,0,110680.34,0,180263.97,0,0,0,0,0,0,220805.85,0,23105.47,0,0,294625.85,365619.47,131624.76,382029.87,0,279448.51,153952.42,0,0,287975.72,84597.5,0,325914.51,0,516944.55,266626.88,255125.04,0,0,213133.72,231505.15,420637.03,0,336674.03,0,76212508.11
0,0,119502.28,0,0,0,0,597505.67,640049.33,144722.86,0,823908.12,320434.47,0,0,608126.49,350900.69,0,309982.41,544929.61,0,965064.63,788985.13,750450.41,721258.77,224116.8,1006477.67,630680.06,428218.59,442560.46,731407.56,0,0,299185.79,0,0,607761.61,0,0,0,417339.32,967047.86,652946.76,0,433874.29,961293.15,486510.24,141868.16,0,468756.77,293049.72,826377.58,228817.68,0,0,0,0,0,662140.1,0,0,0,827416.13,0,0,535698.51,0,712026.03,0,319525.3,466423.73,785968.68,2096240.84,729876.13,577395.61,3959468.62,454963.77,404218.11,0,0,707504.77,919955.28,416810.32,626074.14,645112.33,459271.23,0,0,0,292895.51,0,0,0,0,0,878493.09,0,1065810.91,494406.05,0,0,821702.47,340014.2,213291.97,0,0,0,372307.79,0,0,0,0,505013.91,0,0,0,0,862492.94,551648.77,0,566987.4,0,289562.19,626187.68,0,0,154461.02,0,503052.43,340521.22,476532.42,247591.39,1019091.94,0,590269.16,0,326637.03,0,357500.8,600071.42,0,3536465.11,0,0,313284.71,0,1083762.31,438357.96,0,0,0,257843.56,1152390.6,967511.04,777615.85,597129.13,0,0,0,0,1223853.58,434691.43,585471.97,0,0,271520.58,0,0,0,449732.04,0,0,272399.88,0,0,442069.87,0,0,0,311283.2,546093.43,662006.12,1642595.35,2994887.11,289900.71,715421.12,370771.12,511552.92,357421.72,516991.92,600417.77,1097193.22,1893504.77,0,434628.26,835734.81,1403264.86,225089.14,365907.9,0,0,282698.03,396721.04,752150.22,0,0,0,212098.95,0,153368.95,0,105232.4,841393.29,0,0,366870.92,677395.58,0,622687.17,801755.85,382245.29,0,562974.55,457122.98,333301.07,0,0,0,1154761.58,615236.21,0,255206.93,0,468735.23,0,347849.94,337702.29,434146.61,463075.62,0,518602.84,0,0,448409.78,462909.12,0,475119.84,0,0,0,0,592692.56,6826312.24,314524.98,0,677177.07,0,439099.67,0,0,986136.28,0,695704.69,985109.02,900161.68,1360459.18,0,1409665.37,0,22647.47,0,495204.33,652324.02,278127.43,0,28138.19,954610.26,2526630.39,181403.12,439454.81,903638.54,650489.01,993991.51,0,13114.71,370406.02,0,422422.48,408321.11,0,528025.53,0,657841.59,700342.95,854170.41,1352172.89,607877.68,379829.67,265485.42,1368249.12,0,0,358449.4,0,446534.37,552244.25,0,0,0,0,271519.89,0,0,257149.74,0,363131.33,0,0,0,816534.27,0,706075.65,242114.97,281501.43,780771.95,506634.75,393128.66,1337961.06,742518.49,442321.22,0,0,417378.58,0,494039.91,287744.14,556452.93,0,0,504200.29,713934.91,0,1234217.86,409180.07,0,0,0,0,442601.48,1538270.51,0,0,0,0,0,336756.18,241427.89,727977.96,0,630142.42,214911.18,0,0,0,0,0,0,217912.47,675575.33,417652.01,0,0,0,506725.74,0,0,843204.89,0,304288.36,0,286571.22,948787.47,490155.35,0,222758.14,0,0,0,0,0,0,0,0,0,0,0,170993.26,0,283899.42,0,0,0,0,660995,115631.48,295607,0,401096.23,0,0,691984.37,601046.56,263837.43,579386.39,0,515187.9,237375.48,0,0,550215.48,776933.04,0,453588.51,0,952728.13,468537.38,363055.07,0,0,914301.49,502151.19,595720.76,0,427765.83,0,152470739.2
0,0,1193169.19,0,0,0,0,820472.53,848991.51,307063.01,0,1722156.02,1997092.89,0,0,815870.4,2324603.92,0,720899.93,2775319.38,0,1391610.82,1049783.39,2957107.14,893619.21,659575.32,1476283.69,833898.99,592979.11,775799.09,962063.61,0,0,922371.13,0,0,957700.82,0,0,0,565843.63,1287902.69,913801.54,0,745091.08,1396524.04,659987.28,229698.08,0,831990.41,687697.66,1075774.93,343810.66,0,0,0,0,0,885969.18,0,0,0,1258599.48,0,0,889118.97,0,927621.41,0,455086.37,686389.78,948690.54,2727182.15,1048233.28,925782.17,7323505.77,901276.89,2897157.45,0,0,1276240.39,1382175.78,1792924.4,1098934.63,3909942.23,3056646.01,0,0,0,662371.77,0,0,0,0,0,1311333.27,0,2372551.33,962424.91,0,0,2372300.97,671966.83,2083813.42,0,0,0,562427.2,0,0,0,0,3208028.05,0,0,0,0,2502788.32,1433440.7,0,1034544.41,0,381105.17,1195116.63,0,0,1736545.88,0,1005224.37,970824.48,979340.28,812882.83,1547572.33,0,2649957.54,0,435965.79,0,2266618.25,830948.87,0,5047819.94,0,0,556139.34,0,1673973.32,553033.67,0,0,0,413004.45,2986006.91,1227729.16,1680085.57,1599272.29,0,0,0,0,1600843.56,1366667.67,2185745.08,0,0,1868509.63,0,0,0,2138463.44,0,0,482000.64,0,0,904882.27,0,0,0,857636.68,766169.44,848700.22,2953744.83,3287407.76,498046.34,1021895.84,554018.39,739426.12,1994558.37,636167.87,799510.84,1443946.48,3435236.84,0,684423.69,1279461.4,2213647.45,569118.75,1281687.75,0,0,660714.19,1143013.32,1196777.73,0,0,0,559952.37,0,2331671.39,0,2509023.91,2707390,0,0,719714.2,1476448.45,0,1036468.1,1409691.33,622533.12,0,883236.62,1203529.6,554041.39,0,0,0,1822312.3,1081789.8,0,509833.73,0,703696.02,0,769945.79,646079.39,925433.29,984579.89,0,940576.49,0,0,1160684.54,1509759.1,0,1795718.45,0,0,0,0,2021755.43,7149845.22,502616.83,0,1268763.66,0,2863998.86,0,0,1542507.39,0,1137322.55,1288662.16,2481044.01,3965981.06,0,1985067.82,0,1777644.11,0,1478627.56,1568253.83,547492.21,0,1272814.02,1257993.92,4209405.79,386738.89,757449.41,1489307.8,2136777.98,1436885.52,0,753522.54,735257.4,0,1616143.3,2410870.99,0,850362.52,0,1520498.24,988778.86,1343657.02,1729736.5,1044460.06,524612.66,1447550.42,2430564.99,94052.72,0,721199.34,0,2611126.33,1722381.56,0,0,0,0,598722.29,0,0,501409.12,0,960355.67,0,0,0,1214541.21,0,1132497.35,471184.62,1389053.93,981315.28,2333361.62,3153011.04,3656401.29,1745581.39,838616.61,0,0,1096082.93,0,699415.55,1301842.22,2986363.82,0,0,1162724.55,3917418.55,0,1791875.58,679031.44,0,0,0,0,829184.29,2389434.33,0,0,0,0,0,1074528.34,428900.93,1122458.41,0,923819.63,886344.22,0,0,0,0,0,0,388367.32,1034731.56,2114657.3,0,0,0,821809.02,0,0,2362369.75,0,401454.55,0,771748.75,1178830.19,860648.95,0,455467.43,0,0,0,0,0,0,0,0,0,0,0,384447.39,0,1389008.76,0,0,0,0,1974644.11,1354285.33,506733.13,0,1822152.51,0,0,1207949.47,1153923.67,654443.31,776202.24,0,1155695.85,926292.95,0,0,1159199.49,1033238.59,0,612071.53,0,1159593.26,916108.8,559765.89,0,0,1560235.79,2218171.92,793618.61,0,592270.82,0,329769066
0,0,0,0,0,0,0,49801.58,0,0,0,177419.65,0,0,0,140464.99,0,0,71575,114102.67,0,371603.77,40319.35,178385.66,137322.27,54449.59,324520.66,267479.11,224752.84,96177.09,147035.22,0,0,88587.1,0,0,160545.25,0,0,0,289317.76,162040.79,267124.18,0,258899.42,504110.44,2584799.2,0,0,119557.95,95415.16,56683.32,101624.85,0,0,0,0,0,161564.32,0,0,0,103724.15,0,0,159817.54,0,189317.05,0,100256.13,154211.39,264377.73,788498.61,263884.88,171161.23,73953.07,0,0,0,0,194066.64,567904.97,133627.67,317224.56,243450.72,197167.05,27072.45,0,0,100201.21,0,0,0,0,0,26393.24,0,0,0,331971.43,0,0,156722.39,0,0,0,0,147108.49,0,0,0,0,0,0,0,0,0,146437.86,137416.41,0,197111.05,0,81708.9,225893.98,0,0,0,0,2846.65,119275.33,238277.01,54251.95,115281.4,0,0,0,97896.51,0,0,185866.95,0,0,0,0,0,0,221897.25,81380.4,0,635468.37,0,181579.19,0,420886.79,184358.58,118051.56,0,0,0,0,120955.51,0,0,0,0,0,0,0,0,129708.91,0,0,47927.13,0,1005,0,0,0,0,52153.85,228428.84,174678.91,523553.77,194839.04,92286.1,212768.82,194812.24,145249.88,0,167989.62,82122.76,101699.86,747057.18,0,252604.99,405597.7,85749.47,149740.45,0,0,0,82005.94,0,294634.88,0,0,0,40384.71,0,0,0,105443.39,144880.93,0,0,158602.77,172522.18,0,224724.45,0,75061,0,187198.74,0,122169.96,0,0,0,0,199577.25,0,0,0,122569.14,0,148752.42,20958.18,86474.04,0,0,139299.72,0,0,91765.23,120196.16,0,0,0,0,0,0,0,300949.04,241800.42,0,189418.77,0,0,0,0,298850.2,0,256555.9,294580.58,164125.89,0,0,344198.35,0,0,0,122793.11,244670.01,142642.54,0,0,449847.41,1152769.56,67613.47,179990.02,310328.18,0,759069.13,0,60594.73,84488.03,0,0,0,0,231967.32,0,211068.2,237594.37,154915.81,380314.24,351797.39,89544.3,0,68482.59,102599.67,0,104446.28,0,0,0,0,0,0,0,0,0,0,45950.88,0,125418.13,0,0,0,158062.14,0,283201.14,71042.19,92069.17,112643.25,0,0,0,301820.78,115611.78,0,0,72369.88,0,64632.45,0,171239.31,0,0,0,0,0,0,136339.89,0,0,0,0,0,684098.67,0,0,0,0,0,0,48539.86,0,0,0,18782.87,0,0,0,0,0,0,33316.94,156630.34,0,0,0,0,104205.39,0,0,0,0,120431.61,0,0,192372.67,150686.22,0,116999.49,0,0,0,0,0,0,0,0,0,0,0,113492.45,0,95560.8,0,0,0,0,138367.4,0,61105.24,0,0,0,0,314311.4,0,58128.14,184149.28,0,109131.64,0,0,0,162237.87,121319.98,0,124808.64,0,218632.86,121277.06,95289.98,0,0,0,0,0,0,175433.47,0,35119555.82
0,0,0,0,0,0,0,163922.82,0,0,0,581789.25,0,0,0,363500.11,0,0,209488.58,264635.57,0,609310.84,1168149.27,337262.41,306343.89,119306.6,571478.96,462264.3,374712.34,208542.69,293338.38,0,0,222019.88,0,0,318960.71,0,0,0,452408.84,529932.39,422296.59,0,527165.78,934010.81,3602738.48,0,0,181717.61,240808.06,141217.33,145944.9,0,0,0,0,0,295143.9,0,0,0,279681.6,0,0,298744.88,0,354321.47,0,225885.17,431067.94,505251.76,1476465.93,534138.23,333217.35,151596.34,0,0,0,0,381660.68,992723.17,322007.57,559890.29,449202.35,414560.49,183571.08,0,0,176558.46,0,0,0,0,0,54049.07,0,0,0,606110.51,0,0,288899.42,0,0,0,0,292620.64,0,0,0,0,0,0,0,0,0,281354.14,268907.91,0,388885.84,0,162174.74,444105.38,0,0,0,0,40233.62,206885.36,404691.4,114738.29,223755,0,0,0,133083.57,0,0,284502.71,0,0,0,0,0,0,508634.77,148872.11,0,715841.38,0,469129.22,0,566490.87,624355.05,259339.65,0,0,0,0,245766.02,0,0,0,0,0,0,0,0,244707.9,0,0,107716.57,0,51398.16,0,0,0,0,191196.71,405608.45,350295.87,1043114.66,371657.98,159895.91,491733.2,1521806.33,433076.01,0,333013.9,247235.45,211841.21,1565313.45,0,361159.76,680052.67,195959.98,220877.92,0,0,0,380094.69,0,519553.67,0,0,0,116520.46,0,0,0,237409.3,316194.06,0,0,348302.19,418305.51,0,404155.73,0,182317.64,0,373516.84,0,213857.71,0,0,0,0,402354.15,0,0,0,243064.31,0,237312.53,52102.62,159381,0,0,284942.94,0,0,241798.67,220984.7,0,0,0,0,0,0,0,540192.73,403001.86,0,313390.02,0,0,0,0,722652.07,0,448434.76,501665.4,327673.5,0,0,611897.83,0,0,0,256345.48,618303.05,308317.84,0,0,861104.69,2373945.8,130507.33,370015.95,531506.33,0,1268256.74,0,159434.57,185162.04,1190039.59,0,0,0,449779.51,0,395858.08,470760.13,437951.52,801180.11,716383.71,265404.23,0,220214.02,211774.29,0,174417.04,0,0,0,0,0,0,0,0,0,0,116176.94,0,198849,0,0,0,308672.54,0,536505.99,171997.78,184256.47,190841.49,0,0,0,589075.64,232378.8,0,0,196179.24,0,137682.77,0,301837.45,0,0,0,0,0,0,330680.46,0,0,0,0,0,1313434.13,0,0,0,0,0,0,131980.32,0,0,0,64430.53,0,0,0,0,0,0,185065.18,381942.25,0,0,0,0,274071.37,0,0,0,0,257386.44,0,0,345905.95,353203.28,0,235471.1,0,0,0,0,0,0,0,0,0,0,0,180487.65,0,176166.43,0,0,0,0,254550.15,0,118889.61,0,0,0,0,532516.31,0,204385.49,389737.49,0,261285.78,0,0,0,374709.65,176035.8,0,219167.36,0,441439.19,298247.28,245477.98,0,0,0,0,0,0,349655.68,0,71918560.72
0,0,0,0,0,0,0,1095150.45,0,0,0,1044206.63,0,0,0,635418.65,0,0,409298.14,734732.14,0,939309,1391115.18,584048.29,557399.61,204195.2,870968.33,617284.35,513959.34,334523.27,519155.26,0,0,826683.77,0,0,513720.98,0,0,0,573371.07,765177.03,696280.11,0,735537.57,1189421.7,3930466.9,365413.99,0,356142.6,810494.1,365814.81,229411.32,0,0,0,0,0,468186.51,0,0,0,510609.96,0,0,452918.35,0,495983.25,0,321133.04,607182.87,702320.66,2085222.65,745019.19,541514.98,404000.5,0,0,0,0,665397.69,1361795.84,527308.25,896728.36,785747.67,673660.87,506502.01,0,0,300637.59,0,0,0,0,0,126675.03,0,1602803.22,0,949625.29,0,0,470670.45,0,0,0,0,534200.17,0,0,0,0,0,0,0,0,0,713334.2,483361.12,0,580624.86,0,382538.48,814557.81,0,0,0,0,1161370.69,355134.65,722021.9,226243.13,361429.55,0,0,0,328953.83,0,0,680258.82,0,0,0,0,0,0,824616.05,295952.2,0,959890.46,0,649635.68,0,1055806.54,946547.62,500785.99,0,0,0,0,386215.76,0,0,0,0,0,0,0,0,421027.4,0,0,279696.03,0,240922.03,0,0,0,0,361780.32,908825.05,578283.33,1416778.4,696312.34,294251.87,702163.36,1839175.1,662001.39,0,489177.79,378052.14,335566.54,2383204.69,0,447430.56,911795.88,333846.88,351239.91,0,0,0,1071120.77,94050.88,821150.83,0,0,0,311050.78,0,0,0,435805.51,576824.97,0,0,508048,750942.68,0,592044.35,0,259711.89,0,687169.83,0,283393.13,0,0,0,0,608881.61,0,0,0,378900.68,0,394738.17,217295.58,289621.55,0,0,458783.95,0,0,480107.46,422740.83,0,0,0,0,0,0,0,837153.6,738077.46,0,669719.77,0,0,0,0,1089602.27,0,673691.73,694908.31,537288.96,0,0,1006636.53,0,0,0,544379.23,1137191.36,450443.79,0,0,1572775.83,3046198.24,215058.74,533335.59,857915.32,0,1795255.37,0,278086.93,290221.13,1545417.48,0,0,0,723622.61,0,636877.53,864223.25,660328.88,1288997.98,1025147.18,558983.28,0,449363.33,397935.95,0,356183.35,0,0,0,0,0,0,0,0,0,0,223775.8,0,271963.69,0,0,0,641180.42,0,899220.1,277259.81,352765.6,463849.81,0,0,1323154.84,907032.85,416018.06,0,0,571464.36,0,304987.87,0,478081.02,0,0,0,0,0,259670.14,488545.53,0,0,0,0,0,2076915.9,0,0,0,0,0,0,227309.73,0,0,0,422490.84,0,0,0,0,0,0,281475.55,545598.52,0,0,0,0,450815.7,0,0,0,0,309764.42,0,0,486395.22,569846.52,0,320479.01,0,0,0,0,0,0,0,0,0,0,0,255025.03,0,1020361.45,0,0,0,0,488260.89,0,184117.24,0,0,0,0,758493.46,0,362105.42,640204.92,0,492132.4,0,0,0,697022.77,284203.19,0,361178.55,0,666503.17,516677.08,389447.78,0,0,0,0,0,0,580120.3,0,121388673.9
0,0,0,0,0,0,0,1766658.3,0,0,0,3012726.94,0,0,0,1092555.25,0,0,1463648.18,3888405.81,0,1901459.62,1714971.13,3098636.5,772791.25,371118.55,1395749.44,850364.24,790373.93,718568.64,1420229.82,0,0,2126986.04,0,0,991078.62,0,0,0,818272.53,1124914.9,1222795.04,0,1440465.32,1699464.63,4245341.36,768918.65,0,723305.34,1301447.56,663730.72,350881.38,0,0,0,0,0,697007.19,0,0,0,2303721.82,0,0,842505.42,0,1006287.72,0,718076.56,898626.51,1008838.16,2762400.22,1156304.13,822288.51,895953.1,0,0,0,0,2943592.74,2445769.76,2171903.82,1373230.35,3698701.84,3079678.37,2115140.17,0,0,680010.98,0,0,0,0,0,401644.69,0,1874219.78,0,2018503.65,0,0,778998.09,0,0,0,0,1003553.25,0,0,0,0,0,0,0,0,0,1905567.59,811743.97,0,1776499.87,0,589779.74,1115867.93,0,0,0,0,2384717.56,1102377.06,2357363.87,1225836.79,1556855.25,0,0,0,555187.54,0,0,1420273.79,0,0,0,0,0,0,1032506.38,455328.71,0,1087120.55,0,864981.7,0,1633677.84,1387951.05,1988562.77,0,0,0,0,787203.29,0,0,0,0,0,0,0,0,1318581.96,0,0,2665906.21,0,1134506.11,0,0,0,0,908833.64,2304755.73,2145194.78,4305447.48,1962911.9,1996268.97,1291209.68,1939043.24,1629197.7,0,1334073.04,829908.82,675839.95,4687712.78,0,627514.56,2572167.88,1290522.33,1244847.93,0,0,0,2392308.92,421509.77,1227587.39,0,0,0,1207957.97,0,0,0,3237451.51,2175825.58,0,0,862848.05,1295839.38,0,1269568.11,0,635943.99,0,2276619.37,0,607575,0,0,0,0,1343455.8,0,0,0,794383.25,0,2212737.2,591203.91,899442.09,0,0,1335750.24,0,0,1886261.63,1105921.9,0,0,0,0,0,0,0,1293841.45,1060339.24,0,2958135.47,0,0,0,0,2573746.73,0,1629110.32,1279071.85,2770752.23,0,0,1992403.26,0,0,0,3097007.54,1660794.36,714585.11,0,0,3532297.87,4139257.53,385796.23,1063387.76,2033256.48,0,3941247.68,0,822597.47,1151834.37,2973345.29,0,0,0,1371055.41,0,1726969.27,1771092.48,977682.93,2100427.59,1509081.98,1450290.26,0,946086.04,579777.6,0,1781136.64,0,0,0,0,0,0,0,0,0,0,1041035,0,1833028.67,0,0,0,1824957.12,0,1230380.37,1484241.19,1914022.93,747603.46,0,0,2468377.66,3481643.41,953031.37,0,0,1864924.16,0,483673.71,0,2507512.8,0,0,0,0,0,2015847.44,1113747.54,0,0,0,0,0,3289438.58,0,0,0,0,0,0,1173954.98,0,0,0,843235.82,0,0,0,0,0,0,622520.74,1040965.88,0,0,0,0,970471.11,0,0,0,0,1122083.89,0,0,1152108.76,1102025.69,0,572967.89,0,0,0,0,0,0,0,0,0,0,0,357610.99,0,2465527.17,0,0,0,0,2466046.31,0,452060.05,0,0,0,0,1376173.35,0,698547.46,1270456.11,0,2080325.87,0,0,0,1582737.76,568649.22,0,1355511.78,0,1084310.9,2577370.62,623774.99,0,0,0,0,0,0,2149018.11,0,283365184.8
0,0,0,0,0,0,0,130065.51,0,0,0,0,41564.39,0,107500.63,0,0,0,146198.77,0,0,0,0,193611.24,521790.12,143126.84,236850.94,0,129464.96,192225.69,302149.93,123359.11,33840.22,108915.28,0,0,0,115714.14,0,0,84832.62,209356.08,0,169317.6,144914.95,0,33241.19,93774.41,330173.01,0,0,220774.43,0,0,0,0,0,0,70052.99,1210234.73,0,141586.45,0,0,0,304135.91,0,856.23,0,114875.51,150719.14,90586.65,0,173484.46,147117.58,342875.19,0,0,0,0,174038.64,445901.08,234597.24,237148.7,128225.24,62384.37,40161.63,0,0,0,0,0,64256.06,0,0,0,226644.22,0,0,116700.11,190438.95,77117.3,0,150450.57,0,20000,0,0,0,84685.25,0,0,0,71113.07,0,0,0,173170.93,198680.32,0,100496.16,0,54584.86,106179.11,0,0,0,0,65653.02,3240.11,224585.37,80360.27,0,0,0,0,87811.81,14950.74,12365.22,0,0,0,0,0,0,0,0,92131.45,0,76886.88,0,160033.26,0,336386.22,162489.84,0,0,0,0,0,122049.22,0,0,0,0,0,0,0,0,112159.8,0,0,0,0,150172.96,0,0,0,0,196772.26,117628.75,214034.56,0,0,119977.42,158685.49,152773.52,78434.93,0,390728.99,83017.6,100898.46,683807.03,0,202750.4,336125.44,131784.7,90801.12,0,0,0,209183.48,128514.61,105686.4,0,0,0,0,0,0,0,144992.35,208622.96,0,0,145981.91,382782.12,0,84007.82,0,73840.32,0,0,0,99536.75,0,0,0,0,362850.12,0,0,0,128296.65,0,0,61339.33,0,0,0,103947.37,0,0,94066.47,0,0,0,0,0,0,0,64805.08,320671.46,0,0,254227.26,0,0,0,0,276593.63,0,102845.66,175617.65,0,0,0,0,0,0,0,208082.09,345735.94,0,476115.54,170929.46,493374.64,29276.29,184846.7,348178.43,0,0,0,94221.43,130066.05,0,0,15496.2,57431.21,191824.74,0,821982.97,286256.5,144423.77,0,0,0,147862.11,0,0,104599.37,0,236911.59,0,0,0,0,0,0,0,0,0,0,77147.56,0,0,0,0,0,0,0,235993.46,76086.79,94341.73,146875.48,0,0,0,462218.47,90393.1,0,0,0,0,55875.09,0,0,0,0,0,0,0,173605.42,213366.77,0,0,0,0,0,440616.06,0,0,0,0,0,0,73312.18,0,0,0,76287.65,0,0,0,0,0,0,56960.27,0,0,0,0,0,14,0,0,0,0,0,0,0,316407.22,167606.66,0,65707.65,0,0,0,0,48343.35,0,0,0,0,0,0,69011.76,0,0,0,104481.29,0,0,181766.57,0,56566.48,0,0,0,0,237271.2,0,111967.96,5996.1,13685.58,99124.41,0,0,0,0,72194.02,0,80261.98,0,0,167775.68,181647.18,0,0,0,0,0,0,129246.95,0,26673938.05
0,0,0,0,0,0,0,330412.88,0,0,0,0,226757.36,0,0,0,0,0,0,0,0,0,0,284700.32,0,0,379664.73,51593.51,225235.67,328074.63,638814.93,267630.52,0,219686.69,0,0,0,0,0,0,175085.22,0,0,318616.94,0,0,217149.88,253134.24,677878.07,0,26398.88,0,0,0,0,0,73288.88,0,0,1696239.89,0,383616.76,36408.45,0,0,657500.66,0,163643.75,35717.7,363895.81,0,212004.75,0,356759.4,369537.44,570226.27,0,0,0,0,343650.48,840481.61,514088.06,420314.38,301618.32,250652.8,140502.42,0,0,0,0,0,0,0,0,0,521194.49,0,0,0,0,413045.26,0,0,0,0,0,0,0,0,0,0,0,512054.18,0,0,0,316106.03,366624.7,0,291481.72,0,158311.02,308116.5,0,0,0,0,366175.7,40518.78,505245.86,154755.34,0,0,0,0,223935.99,183172.77,196461.07,0,0,0,0,0,104286.41,0,0,172350.1,0,175487.14,0,359982.84,387690.42,601964.45,336887.23,0,0,0,0,0,280964.83,0,0,0,0,0,0,0,0,203518.49,0,0,0,0,267952.84,0,0,0,0,428071.71,244210.11,0,0,0,220163.46,0,0,180125.26,0,537624.4,207607.28,257476.66,1462140,118065.28,328687.5,508423.9,282235.26,190666.15,0,0,0,0,312962.06,247737.59,0,0,0,30742.51,0,0,0,0,421366,0,0,313517.83,844484,0,173786.03,78241.07,163825.45,0,0,0,327914.63,0,0,0,0,529598.47,0,0,0,227154.68,0,0,151841.35,0,0,0,328450.29,0,0,210513.58,0,0,0,0,0,0,0,252467.4,624539.73,0,0,476925.6,0,0,0,0,679748.28,0,0,0,0,0,0,95765.38,0,0,36786.04,359936.56,0,0,0,0,0,0,0,668541.23,0,0,0,0,0,0,0,114960.96,0,0,0,1160091.8,552288.16,305608.86,0,0,0,0,0,0,186115.66,0,0,0,0,0,0,7215.26,0,0,0,0,0,141579.26,0,0,0,0,0,433155.87,0,431662.56,192794.93,216761.29,227448.63,0,0,0,617225.85,199186.94,0,0,0,0,139113.75,0,0,0,0,0,0,0,468419.15,429080.9,0,0,0,0,0,752927.55,0,0,0,0,0,0,151038.64,0,0,0,146115.28,0,0,0,0,0,0,161512.91,0,0,0,0,0,397972.2,0,0,161273.73,0,0,0,0,468366.04,301968.08,0,203330.09,0,0,8243.75,0,333273.29,0,0,0,0,0,0,172170.26,0,0,0,209987.35,0,0,333489.46,0,128817.53,0,0,0,0,417115.22,0,234564.11,15485.73,66445.98,184693.15,0,0,0,0,140746.5,0,209766.97,0,69716.03,437533.87,343777.52,0,0,0,0,0,0,231118.75,0,44425769.01
0,0,0,0,0,0,0,573590.98,0,0,0,0,522925.24,803156.79,442116.03,0,0,0,630083.69,0,267491.63,0,0,605684.84,1649067.77,763619.38,619033.28,333025.44,663235.05,603699.91,1092664.79,437714.33,991270.14,356185.94,0,0,0,1193015.33,0,600969.22,503881.71,792171.69,0,1022662.86,2756500.48,0,377111.63,556747.62,1122593,0,222623.1,598905.13,0,0,0,0,517138.13,0,162031.55,2119504.99,0,505198.62,294466.75,0,0,1144890.97,0,638107.3,1902226.3,506616.25,501910.31,552442.73,0,594607.79,709903.68,883162.82,0,0,0,0,694370.96,1423866.08,1020564.72,784986.77,570452.06,630791.15,347669.25,0,0,0,0,0,300331.82,0,0,0,989661.89,0,0,316512.31,642700.45,893589.54,0,353525.23,0,131323.14,0,0,0,354016.76,0,0,0,1375577.94,0,0,0,528505.35,516392.33,0,511048.53,0,292962.37,709208.6,0,0,0,0,670900.27,350803.41,804987.11,281616.8,0,0,0,0,340483.95,1050359.3,514995.25,1255.75,0,0,0,0,460110.16,0,0,373719.59,0,362296.4,0,777869.72,1720204.32,957807.94,645012.45,0,0,0,0,0,505042.3,0,0,0,0,0,0,0,0,372606.88,0,0,0,0,402327.32,0,0,0,0,1179999.31,445112.02,783048.22,703775.82,0,820875.37,386077.81,437041.65,280252.29,0,698937.79,435726.65,537412.22,2274164.43,2755944.25,594359.46,815558.5,434461.84,342638.08,0,0,0,611912.61,560268.47,1077288.65,0,0,0,146973.57,0,0,0,1020407.43,685563.87,0,0,496275,1340412.14,0,338605.54,236701.89,411582.13,0,0,0,465316.13,0,0,0,0,1325304.6,0,0,0,510193.83,0,0,237461.16,0,0,0,700795.14,0,0,388735.79,0,0,0,0,0,0,0,623422.76,947722.51,400855.32,0,829255.13,0,0,0,0,1087637.55,0,397334.89,2830091.61,0,0,0,492910.73,0,0,284137.49,626003.09,1064296.67,0,1308520.41,1273299.72,1960026.27,137377.64,762954.25,1053188.64,383888.02,0,0,391238.89,469658.94,0,0,334546.25,340321.61,643943.66,0,1607796.2,879949.45,514350.25,854426.96,0,1045117.79,554539.01,0,0,483573.01,0,615546.53,0,0,0,0,386575.96,0,0,0,0,0,1169925.38,0,0,0,0,0,1937504.29,0,654150.7,377591.5,424053.92,429387.47,0,0,0,901328.06,468009.53,0,0,861125.76,0,346389.94,0,0,0,0,0,0,0,771722.76,624181.55,0,0,0,0,0,1317620.28,0,0,0,0,0,0,248808.78,0,0,0,367140.54,0,0,0,0,0,0,531500.01,0,0,0,0,0,747186.94,0,0,725990.76,0,0,0,0,785641.06,546487.2,0,626168.03,0,0,463506.23,356338.72,1283369.95,0,0,0,0,0,0,235022.19,0,0,0,329924.8,0,0,564242.07,0,193271.47,0,0,0,0,930651.9,0,393382.38,1447548.09,268818.42,668630.15,0,0,0,101467.92,224505.37,0,439245.47,0,280635.08,694661.04,527336.36,0,0,0,0,0,0,390011.85,0,130832586.2
0,0,0,0,0,0,0,863803.98,0,0,0,0,2369726.45,2690570.19,930949.81,0,0,0,1103157.38,0,2118460.84,0,0,891945.61,2006447.66,1148467.65,885671.51,799576.22,1299918.69,1028810.23,1629523.88,626000.61,1262439.87,727205.98,0,0,0,3286649.92,0,2106885.83,858348.1,1082976.5,0,2094921.97,6372614.48,0,610490.76,2663178.9,1570150.91,0,1933068.93,803966.15,0,0,0,0,1433468.09,0,717251.4,2483980,0,1674005.58,1171130.95,0,0,1617250.71,0,1024618.48,4352737.01,952525.18,858322.9,3564211.09,0,2744513.95,1098046.15,1506673.17,0,0,0,0,2988390.89,2232557.75,3024945.02,1169821.23,2289994.06,3285559.7,1016701.58,0,0,0,0,0,801763.55,0,0,0,4480428.11,0,0,558061.51,921398.24,3490565.22,0,554497.7,0,1162567.84,0,0,0,618190.36,0,0,0,5352174.02,0,0,0,2880362.64,845674.93,0,1301603.64,0,433430.85,1300095.24,0,0,0,0,1448162.67,1505619.08,2664440.22,1544560.57,0,0,0,0,476407.1,3029605.21,3612620.92,1167686.09,0,0,0,0,2187282.79,0,0,589509.33,0,703729.55,0,1043263.94,5208691.38,1338067.35,1061227.42,0,0,0,0,0,1027625.01,0,0,0,0,0,0,0,0,725040.26,0,0,0,0,925311.02,0,0,0,0,1902833.93,740708.53,1477655.22,3869295.43,0,2299260.87,595431.79,642217.09,816180.03,0,1096047.97,640835.69,779458.79,3838032.94,4601988.07,842134.99,1545663.56,881241.8,1199774.95,0,0,0,1090720.81,990584.78,1887339.89,0,0,0,579338.7,0,0,0,1649665.19,1931330.56,0,0,942684.05,2160553.78,0,1497202.12,1194314.25,991857.04,0,0,0,1191843.18,0,0,0,0,1765171.7,0,0,0,836321.78,0,0,857241.15,0,0,0,1085726.83,0,0,2253833.62,0,0,0,0,0,0,0,3173921.36,1449946.64,582654.02,0,1511879.77,0,0,0,0,1593292.08,0,660823.72,3506000.12,0,0,0,1219620.66,0,0,1705209.95,3031035.92,1471936.4,0,1862564.55,1553263.27,2722991.15,209532.08,1182936.79,2491789.21,2246008.2,0,0,820271.02,1998276.12,0,0,2047007.08,2469256.67,1031409.79,0,3173748.67,1860330.67,724664.51,1788012.14,0,1361036.78,772479.97,0,0,711755.19,0,983820.48,0,0,0,0,729106.57,0,0,0,0,0,1588127.19,0,0,0,0,0,2286046.2,0,981705.69,1401801.78,1192273.62,870046.05,0,0,0,1203040.91,757648.99,0,0,1304273.84,0,525952.05,0,0,0,0,0,0,0,2426394.01,1131247.74,0,0,0,0,0,2223870.46,0,0,0,0,0,0,664008.33,0,0,0,820326.73,0,0,0,0,0,0,849921.29,0,0,0,0,0,1351968.05,0,0,1767937.79,0,0,0,0,1279635.52,721458.54,0,882303.45,0,0,1198195.07,789597.93,1977379.71,0,0,0,0,0,0,365843.61,0,0,0,2384427.1,0,0,1396232.09,0,436493.13,0,0,0,0,1170284.75,0,669593.39,4501798.71,2019841.66,1225992.83,0,0,0,1706202.03,601201.89,0,924160.51,0,1100659.11,1568648.69,810326.08,0,0,0,0,0,0,1720828.35,0,298051065.2
0,0,0,0,0,0,0,249823.53,0,0,0,0,181011.42,0,90533.72,0,0,0,0,0,230203.89,0,0,0,699977.51,195613.49,216887.46,123492.69,134940.6,270708.04,253250.76,112365.22,332469.68,160543.05,0,0,0,187610.82,0,113184.19,143065.24,196213.59,0,244864.81,309431.03,31172.2,34371.82,0,656369.98,0,190179.83,134159.96,0,0,0,0,145148.64,0,164662.5,129419.88,0,129643.71,85063.67,0,0,318323.8,0,172673.72,123873.62,95365.23,176111.07,178050.66,0,149531.06,201184.32,137065.84,0,0,0,0,193032.35,297141.87,101073.9,416008.74,509161.24,166685.34,183807.33,0,0,0,0,0,87216.49,0,0,0,326614.87,0,73492.79,119131.28,221880.17,270842.68,588256.02,44354.68,0,0,0,0,0,89865.9,0,0,0,308008.44,0,0,0,0,179780.03,0,106793.06,0,84228.25,111546.62,0,0,0,0,0,136480.67,0,54731.22,0,0,0,0,95584.26,0,134221.61,0,0,0,0,0,93352.09,0,847039.57,140270.32,0,141924.83,0,82895.24,266500.16,387479.13,214628.86,0,0,0,0,0,143492.71,0,0,0,0,0,0,0,0,112231.56,0,0,0,0,106729.93,0,0,0,0,307787.21,157222.04,142659.51,486467.92,87784.44,0,100429.41,0,81386.21,0,320719.84,180415.57,84488.37,944606.81,157091.82,200265.9,506053.54,31962.05,0,0,0,0,191235.23,132133.52,0,0,0,0,116665.05,0,0,0,321837.46,192438.3,0,0,150045.43,295458.34,0,88135.56,87099.14,97837.89,0,0,0,0,0,0,0,0,202546.88,0,0,0,118003.3,0,0,0,0,0,0,106875.64,0,0,0,0,0,0,0,0,0,0,117987.95,0,102583.52,0,0,0,0,0,0,3618438.38,0,190312.13,238594.81,0,0,0,151900.4,0,0,0,0,273314.49,0,313576.79,75379.71,659930.45,29474.77,172255.54,577524.89,338547.16,0,0,132287.97,0,0,0,0,70189.26,122195.69,0,839152.49,0,169363.63,128384.53,0,128637.92,80340.96,0,0,136911.23,0,165188.62,0,0,0,0,97453.18,0,0,0,0,0,88362.7,0,0,0,0,0,122853.13,0,176732.57,90491.53,185998.47,102980.92,0,0,0,28065.18,92519.74,0,0,166206.56,0,126543.22,0,0,0,0,0,0,0,226235.25,247898.07,0,0,0,0,0,636157.04,0,0,0,0,0,0,81007.75,0,0,0,96051.11,0,0,0,0,0,0,73448.12,0,0,0,0,0,201764,0,0,0,0,0,0,0,257015.46,82233.35,0,46459.78,0,0,90027.43,112888.96,38304.52,0,0,0,0,0,0,66795.57,0,0,0,0,0,0,199942.68,0,52430.17,0,0,0,0,0,0,184743.79,152017.46,126411.61,155467.9,0,0,0,89539.25,90462.09,0,177326.5,0,177592.81,185659.13,204788,0,0,0,0,0,0,0,0,35188047.13
0,0,0,0,0,0,0,405979.77,0,0,0,0,374293.28,0,216215.43,0,0,0,0,0,424334.04,0,0,83.94,1304840.24,449495.39,420399.86,259809.89,257744.86,665437.68,498285.3,262261.58,504888.16,281530.65,0,0,0,387837.86,0,263993.47,315382.92,441831.87,0,422634.78,638727.73,145286.21,86677.6,0,865748.93,0,357436.21,286342.29,0,0,0,0,294634.69,0,357433.33,287921.69,0,348195.68,174290.31,0,0,673119.76,0,308905.23,268029.21,186110.58,362054.43,334202.58,0,302535.3,443588.88,243146.37,0,0,0,0,372097.33,652043.51,236604.86,644929.16,755079.77,331115.82,323848.44,0,0,0,0,0,168289.53,0,0,0,648197.41,0,255883.64,195660.73,466906.09,461256.37,1054836.2,81071.24,0,0,0,0,0,174970.58,0,0,0,762639.33,0,0,0,0,402382.14,0,321414.44,0,171272.63,267755.65,0,0,0,0,48836.14,329339.39,0,141003.1,0,0,0,0,184338.68,0,294568.92,0,0,0,0,0,283646.96,0,978096.37,231556.05,0,300284.36,0,139683.96,417412.41,636461.46,421593.79,0,0,0,0,0,330863.99,0,0,0,0,0,0,0,0,212864.69,0,0,0,0,267936.99,0,0,0,0,559310.5,293546.87,337771.73,790219.92,1418898.73,212837.45,221404.8,0,163653.63,0,485664.35,324943.34,225925.89,1621473.74,422436.13,367507.74,643915.81,85364.99,0,0,0,0,0,288878.87,10695.46,0,0,0,238564.65,0,0,0,638253.49,407312.13,0,0,276920.24,771201.34,0,183034.4,257486.94,188262.09,0,0,0,0,0,0,0,0,437768.42,0,0,0,266378.34,0,0,109813.82,0,0,0,246472.47,0,0,0,0,0,0,0,0,0,0,274978.44,0,207238.75,0,0,0,0,0,0,3901350.16,0,335237.36,444608.87,0,0,0,368603.66,0,0,0,0,632259.17,0,624709.36,227080.88,1318279.74,52410.14,394147,784341.32,612604.8,0,0,332157.68,0,0,0,0,218315.03,313060.45,0,1188792.4,0,359904.21,215608.69,0,250245.39,200440.54,0,0,264553.9,0,322580.09,0,0,0,0,179280.55,0,0,0,0,0,187842.11,0,0,0,0,0,245271.41,0,409871.1,191220.32,344526.63,184432.4,0,0,0,164939.49,249889.32,0,0,301355.38,0,239617.29,0,0,0,0,0,0,0,365923.28,446408.34,0,0,0,0,0,1119404.74,0,0,0,0,0,0,175657.34,0,0,0,137185.79,0,0,0,0,0,0,135270.36,0,0,0,0,0,420416.02,0,0,0,0,0,0,0,490348.84,250063.86,0,136262.7,0,0,218125.39,364780.68,213914.13,0,0,0,0,0,0,141601.9,0,0,0,0,0,0,391052.01,0,115442.42,0,0,0,0,0,0,317675.52,300589.83,249648.06,410775.42,0,0,0,209071.88,172734.16,0,352206.02,0,340276.3,383579.8,437845.52,0,0,0,0,0,0,0,0,66422342.73
0,0,0,0,0,0,0,1148283.23,0,0,0,0,642134.87,0,314967.83,0,0,0,134824,0,853329.5,0,0,312956.14,1748184.65,731856.03,635705.56,1145095.9,418592.61,1443299.1,1012098.41,456462.53,745192.2,405355.01,0,0,0,903504.67,0,526653.15,474319.22,655493.48,0,688069.44,1029462.67,1021285.33,130861.13,1059133.44,1066266.13,156446.5,616643.35,543287.45,0,0,0,0,654109.9,0,542366.4,417619.64,0,600122.36,305599.22,0,0,1083904.04,0,473499.09,651195.12,292394.18,586518.83,732454.47,0,469019.98,753855.33,405967.96,0,0,0,0,705080.26,976027.88,433506.5,935349.9,1113988.79,547985.46,462331.96,0,0,0,0,0,325093.77,0,0,0,1174228.16,0,779701.69,396824.47,723196.95,719630.77,1690566.47,159987.78,0,0,0,0,0,309591.29,0,0,0,1470968.9,0,0,0,0,834854.04,0,527414.95,0,533946.64,445555.87,0,0,0,0,313072.65,692718.42,0,308752.99,0,0,0,0,238832.16,0,534243.92,0,0,0,0,0,518004.46,0,1147560.27,383062.13,0,552869.84,0,291630.02,703103.16,1017388.23,651009.43,0,0,0,0,0,509596.15,0,0,0,0,0,0,0,0,318043.59,0,0,0,0,462209.53,0,0,0,0,930161.74,637112.99,560950.73,1166855.9,1539510.48,700904.81,389028.39,0,258224.3,0,694561.89,508787.32,377291.54,2368387.12,583941.74,522292.05,795872.75,151357.27,0,0,0,0,202602.93,489646.7,235491.47,0,0,0,364546.16,0,0,0,1050998.91,601137.65,0,0,411704.18,1378494.29,0,311641.02,544275.93,258912.04,0,0,0,0,0,0,0,0,726550.75,0,0,0,468555.19,0,0,481129.63,0,0,0,386142.87,0,0,0,0,0,0,0,132678.76,0,0,578705.87,315210.06,374033.63,0,0,0,0,0,0,4470522.91,0,488896.05,678291.16,0,0,0,487789.06,0,0,0,0,959686.26,0,1011591.68,1391149.93,1946781.49,137551.32,648994.5,1090190.53,1022995.8,0,0,518701.88,0,0,0,0,333549.88,464107.63,0,1715406.34,1033311.01,609425.13,466300.82,0,396540.13,361481.96,0,0,345566.2,0,520369.57,0,0,0,0,311153.34,0,0,0,0,0,339288.23,0,0,0,0,0,407985.64,0,872380.68,316611.05,479440.05,338601.78,0,0,0,728984.54,584887.58,0,0,422216.74,0,395059.63,0,0,0,0,0,0,0,558777.27,582675.87,0,0,0,0,0,1497641.59,0,0,0,0,0,0,300027.1,0,0,0,438942.14,0,0,0,0,0,0,237026.68,0,0,0,0,0,750006.92,0,0,0,0,0,0,0,655757.19,493377.49,0,314099.68,0,0,947623.83,587052.35,383517.55,0,0,0,0,0,0,301710.83,0,0,0,0,0,0,618745.73,0,204491.24,0,0,0,0,1877324.46,0,533832.07,601892.45,489603.27,708087.99,0,0,0,501284.28,307598.61,0,562217.72,0,507627.64,707036.55,676633.46,0,0,0,0,0,0,0,0,117034441
0,0,0,0,0,0,0,1468012.7,0,0,0,0,3340584.56,0,561116.42,0,0,0,911026.32,0,3464333.4,0,0,541227.55,2395066.14,1100730.18,841038.54,1669313.51,1116677.4,3447979.27,1540092.76,682507.16,887467.53,747789.34,0,0,0,2493169.87,0,3364754.34,737543.01,870294.85,0,1320607.27,1327753.62,2246264.88,304898.12,2249521.4,1465622.65,422828.83,3087543.45,822020.87,0,0,0,0,1312896.41,0,1062921.15,723717.91,0,1284391.54,506596.9,0,0,1712297.91,0,801518.88,4504002.79,541154.93,982391.48,4355563.29,0,1109114.54,1068909.37,1207969,0,0,0,0,1891891.94,1659154.41,1127169.97,1236492.14,2371454,2946026.22,1146816.96,0,0,0,0,0,472947.57,0,0,0,4924767.66,0,3663382.5,811994.66,1006801.03,1354369.48,2753276.21,234359.29,0,0,0,0,0,607417.71,0,0,0,3402601.42,0,0,0,0,1157434.33,0,1091589.1,0,640573.24,745565.52,0,0,0,0,1826464.36,905585.06,0,1721735.53,0,0,0,0,344604.21,0,1812623.24,0,0,0,0,0,3089767.62,0,1421097.35,618212.09,0,779868.08,0,469170.22,2289837.46,1327080.7,892912.78,0,0,0,0,0,782921.25,0,0,0,0,0,0,0,0,833527.31,0,0,0,0,1183989.32,0,0,0,0,1241116.89,855086.84,958139.92,1629037.24,1943088.62,3326394.26,653147.33,1235107.96,1387397.22,0,893338.66,756851.31,567094.49,3843175.61,2586096.73,787933.38,1412129.3,381502.1,0,0,0,0,1272507.7,833998.91,660742.9,0,0,0,938757.28,0,0,0,1491686.94,1559502.97,0,0,740086.05,1984754.12,0,1569350.49,2113281.4,384886.95,0,0,0,0,0,0,0,0,1138673.87,0,0,0,703902.48,0,0,743807.02,0,0,0,688800.84,0,0,0,0,0,0,0,1231468.32,0,0,3641777.18,2076613.77,552332.25,0,0,0,0,0,0,5292910.4,0,581949.99,1161104.28,0,0,0,1012672.32,0,0,0,0,1276209.66,0,1457836.38,1515860.56,2668960.13,165918.83,1015031.69,2332093.05,4161436.91,0,0,871957.45,0,0,0,0,796859.44,663042.11,0,3494922.61,3470327.85,882334.02,613819.75,0,650169.35,534975.7,0,0,497385.29,0,787870.24,0,0,0,0,612031.14,0,0,0,0,0,652304.45,0,0,0,0,0,947512.81,0,1177555.29,1277585,1365699.13,750831.02,0,0,0,956281.24,861701.05,0,0,878615.85,0,524913.65,0,0,0,0,0,0,0,1282281.36,811117.49,0,0,0,0,0,2184698.37,0,0,0,0,0,0,600091.39,0,0,0,915467.02,0,0,0,0,0,0,466828.16,0,0,0,0,0,1182967,0,0,0,0,0,0,0,937077.56,687925.69,0,546099.31,0,0,1224552.49,867734.58,630989.94,0,0,0,0,0,0,483696.29,0,0,0,0,0,0,1455122.86,0,473415.24,0,0,0,0,2789737.97,0,700782.62,2289912.54,1744517.95,1112277.5,0,0,0,1239105.78,581722.86,0,795120.49,0,896399.74,1162176.49,1045919.25,0,0,0,0,0,0,0,0,245948699.9
0,0,0,0,0,0,0,280336.74,0,0,0,0,0,0,89429.25,0,0,0,135410.3,0,312971.6,0,0,90030.71,1118189.96,291235.47,162248.45,361599.63,136896.77,219338.38,221137.08,227447.03,173974.46,0,0,0,0,61694.39,0,159728.67,149992.07,228350.41,0,156514.9,141282.25,268161.15,20835.69,253120.69,361150.85,97487.88,186185.62,139691.34,0,0,0,0,114571.76,0,210945.92,0,0,4118.54,93224.6,0,0,571919.4,0,121890.46,209991.61,91132.31,196125.92,198670.33,0,115312.85,191761.59,143404.51,0,0,0,0,234673.29,358527.98,130158.31,0,198343.83,180636.35,0,0,0,0,0,0,114490.16,0,0,0,0,0,0,136656.91,0,0,441873.9,0,0,0,0,0,0,0,0,0,0,0,0,0,0,0,152556.39,0,170158.31,0,81400.42,394221.17,0,0,0,0,0,177316.82,0,126712.4,0,0,0,0,86265.6,148804.67,224372.01,0,0,0,0,0,222667.78,0,169106.05,166808.1,0,163521.54,0,88962.01,24745,370810.09,180528.57,0,0,0,0,0,153873.44,0,0,0,0,0,0,0,0,134097.41,0,0,0,0,142372.42,0,0,0,0,249900.31,236767.93,246890.89,416394.08,179997.08,255544.92,115329.72,168283.26,85326.45,0,165645.16,150854.52,34654.06,1040760.13,251877.71,209303.29,73542.89,44848.12,0,0,0,0,147706.32,113255.32,155561.01,0,0,0,133534.16,0,0,0,245846.35,214273.81,0,0,148657.36,451820.89,0,83789.63,143898.36,86147.57,0,0,0,174547.06,0,0,0,0,212328.25,0,0,0,205007.36,0,0,67902.28,0,0,0,150649.95,0,0,0,0,0,0,0,0,0,0,141823.25,261225.32,83390.36,0,0,0,0,0,44817.46,390505.08,0,75932.41,231653.19,186600.25,0,0,141318.99,0,0,5228.62,0,193262.7,0,305387.39,0,785980.46,22882.34,210147.02,257123.82,373932.86,0,0,182966.21,0,0,0,0,95846.46,114876.43,0,0,392407.58,289652.85,97606.47,0,142870.94,141334.16,0,0,174268.07,0,212286.28,0,0,0,0,124179.72,0,0,0,0,0,124281.96,0,0,0,0,0,157973.31,0,213898.61,187367.15,160221.37,134847.02,0,0,0,134270.77,111813.71,0,0,115156.07,0,0,0,0,0,0,0,0,0,113221.96,150511.14,0,0,0,0,0,485721.37,0,0,0,0,0,0,121861.93,0,0,0,50629.44,0,0,0,0,0,0,0,0,0,0,0,0,243726.49,0,0,0,0,0,0,0,163684.86,209632.16,0,62082.57,0,0,150354.31,102977.99,55986.9,0,0,0,0,0,0,95976.85,0,0,0,0,0,0,205725.96,0,121582.27,0,0,0,0,314874.33,0,89813.6,185072.2,122069.61,165773.11,0,0,0,280382.54,0,0,127686.7,0,147432.21,253486.37,191719.39,0,0,0,0,0,0,0,0,31374341.59
0,0,0,0,0,0,0,494523.72,0,0,0,0,0,0,197381.2,0,0,0,274801.29,0,548908.59,0,0,178080.89,1774190.79,552259.33,316184.06,641872.15,252135.59,440470.34,470055.28,440886.33,418393.9,6011.27,0,0,0,415301.83,0,344366.77,350207.39,444769.79,0,264522.66,254663.39,481265.56,50809.15,394558.11,1009888.44,169044.56,432604.91,314645.19,0,0,0,0,283287.19,0,336746.95,0,0,44389.53,209025.84,0,0,1025931.46,0,358200.37,456639.54,187039.55,391466.23,416251.55,0,240169.69,411552.66,285788.31,0,0,0,0,435419.25,762337.89,272185.23,0,353044.6,299556.67,0,0,68635.73,0,0,88713.52,177845.8,0,0,0,0,0,0,280029.6,347242.46,533107.15,1036668.28,136836.24,0,0,0,0,0,0,0,0,0,126256.9,0,0,0,0,330315.41,0,423898.15,0,174211.36,527420.71,0,0,0,0,0,355954.69,0,263110.07,0,0,0,0,179942.45,563984.01,451183.06,0,0,0,0,0,482338.45,0,384425.65,292102.4,0,353924.09,0,174979.36,222109.39,622806.42,347972.51,0,0,0,0,0,303290.2,0,0,0,0,0,0,0,0,290186.92,0,0,0,0,323818.1,0,0,0,0,637749.71,406597.04,492246.74,804346.78,359026.82,533292.66,0,278775.49,199256.2,0,528264.5,333672.55,185780.96,1774717.22,449788.73,360991.12,436530.53,110031.73,0,0,0,0,351603.88,253696.35,297545,0,0,0,335051.95,0,0,0,431643.94,489126.45,0,0,309364.65,917642.47,0,194472.12,330360.85,189134.07,0,0,0,322455.78,0,0,0,0,382622.62,0,0,0,383995.39,0,0,131074,0,0,0,274793.72,0,0,0,0,0,0,0,0,0,0,314775.1,492279.43,199501.44,0,0,0,0,0,154926.48,674922.34,0,192975.19,518393.07,512705.55,0,0,265195.12,0,0,169043.88,0,402308.67,0,646739.27,44109.01,1584033.46,59814.86,400501.98,539000.16,630583.12,0,0,396102.14,0,0,0,0,273546.95,221501.67,0,0,653644.31,505906.12,280080.97,0,336455.11,274618.87,0,0,312194.06,0,452341.38,0,0,0,0,261771.74,0,0,0,0,0,262087.33,0,0,0,0,0,279822.98,0,431375.24,329182.95,294521.63,233145.43,0,0,0,299838.69,290213.16,0,0,249348.32,0,56467.51,0,0,0,0,0,0,0,282978.79,296315.18,0,0,0,0,0,1021662.7,0,0,0,0,0,0,218777.46,0,0,0,100067.97,0,0,0,0,0,0,228904.97,0,0,0,0,0,511358.67,0,0,0,0,0,0,0,354140.99,545725.42,0,168124.37,0,0,356958.26,246806.96,195589.3,0,0,0,0,0,0,351344.06,0,0,0,0,0,0,382229.49,0,280195.96,0,0,0,0,626674.72,0,205810.79,357263.86,316829.15,337375.83,0,0,0,431499.78,0,0,247438.65,0,368479.03,453141.59,402718.25,0,0,0,0,0,0,0,0,65835182.98
0,0,0,0,0,0,0,758601.96,0,0,0,0,0,0,375588.41,0,0,0,469554.87,0,874843.16,0,0,258751.04,2674715.49,798709.04,487484.83,981918.96,657036.1,1451470.68,861120.8,679904.28,574437.14,420660.38,0,0,0,1652876.79,0,667526.04,514640.58,735964.8,0,452675.03,413991.03,825674.21,590186.47,825638.51,1339201.16,294956.54,806218.91,512467.62,0,0,0,0,503189.18,0,529124.24,0,0,446392.68,406961.5,0,0,1328243.67,0,790899.83,832048.17,301232.12,637801.22,1083488.82,0,389986.29,825427.42,512401.86,0,0,0,0,756111.95,1093144.69,434005.49,0,564367.9,502178.06,0,0,340278.74,0,0,326013.01,308969.07,0,0,0,0,0,0,499575.05,595265.8,1072923.47,0,195059.56,0,0,0,0,0,33737.08,0,10794.79,0,345384.53,0,0,0,0,692194.15,0,644075.7,0,313021.4,735038.46,0,0,0,0,20752.52,579766.78,0,410550.03,0,0,0,0,475445.62,1982794.47,761571.5,0,0,0,0,0,755167.04,0,673458.13,452389.59,0,551799.96,0,338413.99,1522164.11,999961.02,648616.61,0,0,0,0,0,512671.37,0,0,0,0,0,0,0,0,445611.72,0,0,0,0,373936.32,0,0,0,0,940611.67,710149.76,802934.87,1211912.86,502995.81,955606.51,449923.08,423571.62,288636.75,0,676806.67,529812.72,1187570.98,2622137.1,782424.13,725655.43,1904104.59,202291.52,0,0,0,0,625843.85,416983.52,462988.72,0,0,0,464572.53,0,0,0,754718.17,731654.69,0,0,570528.38,1626484.92,0,297910.64,605183.32,322517.07,0,0,0,512859.84,0,0,0,0,649610.99,0,0,0,555816.96,0,0,724160.46,0,0,0,462958.95,0,0,0,0,0,0,0,0,0,0,573851.19,1805901.09,313255.81,0,0,0,0,0,404906.52,1030069.7,0,301305.77,817950.99,1072371.75,0,0,389278.7,0,346671.22,963993.61,0,897874.47,0,1162737.26,545477.36,2171163.29,205870.57,715303.67,1038762.88,998669.75,0,0,610682.35,0,0,0,0,468193.51,366350.59,0,694157.66,985502.14,758521.21,575957.68,0,535909.25,445223.87,0,0,462851.32,0,757538.31,0,0,0,0,395310.63,0,0,0,0,0,446392.67,0,0,0,0,0,479436.51,0,762943.71,469514.82,734400.93,558564.56,0,0,0,781514.95,537323.1,0,0,480831.02,0,1042347.56,0,0,0,0,0,0,0,462759.2,446098.79,0,0,0,0,0,1374129.22,0,0,0,0,0,0,362457.34,0,0,0,152809.47,0,0,0,0,0,0,2066962.16,0,0,0,0,0,860374.22,0,0,0,0,0,0,0,655536.28,1689874.55,0,274911.17,0,0,924753.74,400503.49,296253.04,0,0,0,0,0,0,452391.26,0,0,0,0,0,0,726086.29,0,443172.73,122733.35,0,0,0,1000470.74,0,483588.66,610701.91,501045.96,584262.02,0,0,0,720240.24,643384.5,0,659362.3,0,616624.44,745016.61,630330.2,0,0,0,0,0,0,0,0,124224878.4
0,0,0,0,0,0,0,1087017.93,0,0,0,0,0,0,642529.38,0,0,0,734379.24,0,2441662.77,0,0,425816.84,3577235.57,1374381.11,609007.1,1370215.24,1760735.77,3679115.6,1315754.03,1157330.99,757560.62,1055822.85,0,0,0,3120305.56,0,2023025.27,821116.26,973437.67,0,879539.66,523951.14,2011901.87,855099.07,1116571.91,1668558.97,443521.07,2603224.23,679228.98,0,0,0,0,999113.21,0,1050764.92,0,0,918038.25,590221.68,0,0,2005645.06,0,1069031.38,2600005.82,470870.68,1003549.57,4192531.21,0,1154434.25,1176316.68,1331751.71,0,0,0,0,1738254.37,1615369.72,1154847.28,0,1144648.03,1447329.34,0,0,14388.35,0,0,1983386.46,847945.54,0,0,0,0,0,0,843089.12,904770.06,1715240.17,0,397311.07,0,0,0,0,0,363409.22,0,1071897.72,0,1188607.94,0,0,0,0,938788.3,0,1058907.1,0,450610.66,1058522.33,0,0,0,0,489871.41,1295662.48,0,699336.2,0,0,0,0,621691.5,5057592.74,1761939.94,0,0,0,0,0,2183498.35,0,838787.75,675798.29,0,829547.64,0,503244.38,2646752.35,1307371.56,949664.81,0,0,0,0,0,983464.71,0,0,0,0,0,0,0,0,768222.18,0,0,0,0,1175669.68,0,0,0,0,1409575.55,879240.05,1146668.15,1797668.25,669000.12,1634839.69,695853.17,528715.64,444154.18,0,1150355.61,760921.65,1478598.99,3846648.1,1959657.49,1027256.01,2203493.34,296523.89,0,0,0,0,1056245.1,622192.61,700510.92,0,0,0,694164.67,0,0,0,1279793.74,1610108.27,0,0,966856.3,2472467.93,0,684956.19,2892902.31,738018.68,0,0,0,793180.46,0,0,0,0,1029507.38,0,0,0,857160.04,0,0,844476.48,0,0,0,793951.71,0,0,0,0,0,0,0,0,0,0,2182810.77,2358006.4,492535.99,0,0,0,0,0,4720617.11,1879868.25,0,582586.82,1370693.18,2038669.08,0,0,831769.5,0,1715492.88,2238399.73,0,1249189.56,0,1709392.28,726396.64,3135513.46,276835.84,1223216.42,1260912.01,1974901.69,0,0,1020207.57,0,0,0,0,1614652.78,617043.91,0,2368534.31,1662475.22,1031865.64,829336.66,0,791629.45,719156.42,0,0,621791.25,0,1252585.81,0,0,0,0,681184.44,0,0,0,0,0,702774.18,0,0,0,0,0,941672.71,0,1136839.04,886114.95,1569297.38,722505.14,0,0,0,1042401.16,817551.7,0,0,861672,0,1498444.63,0,0,0,0,0,0,0,913194.34,989612.96,0,0,0,0,0,2174025,0,0,0,0,0,0,633841.14,0,0,0,291800.44,0,0,0,0,0,0,2305694.4,0,0,0,0,0,1337910.86,0,0,0,0,0,0,0,929900.1,1908763.16,0,375432.46,0,0,1243464.9,1067282.32,421687.18,0,0,0,0,0,0,602159.38,0,0,0,0,0,0,1137247.31,0,765804.88,516093.05,0,0,0,1482102.98,0,779036.54,1625142.38,1032556.97,1116830.47,0,0,0,1076595.02,2982432.48,0,1105446.61,0,827312.32,1322498.53,992372.26,0,0,0,0,0,0,0,0,228275206.9
0,0,0,0,0,0,0,151231.05,0,0,0,0,0,0,99562.36,0,0,0,114498.27,0,0,0,28617.53,89069.39,1141452.02,327425.36,113458.48,586310.51,138457.4,455603.07,203445.38,297975.66,149648.46,111830.47,0,0,0,170663.67,47734.65,130822.8,164935.56,373364.85,0,142767.73,110862.48,260194.54,33868.76,235148.8,1107005.98,115191.96,355796.35,126392.87,0,0,0,0,191368.62,0,111816.44,0,52751.17,80646.73,92307.26,141361.55,200649.82,468410.07,0,235330.95,208571.41,94507.48,237403.43,152024.96,0,150724.5,223821.47,4167.27,0,0,0,53202.89,0,387003.65,115304.97,229740.82,442365.17,0,158267.66,0,0,0,0,248976.59,138450.79,0,0,0,0,0,0,181197.37,224265.25,246519.64,447127.03,35731.14,0,0,0,0,0,107741.13,0,192032.21,0,56892.45,0,0,0,0,178061.54,0,164157.21,0,113888.62,468358.76,0,0,0,0,0,312797.9,36324.36,160202.43,7359.37,0,0,0,16113.06,370014.63,469047.04,0,0,0,0,0,312870.5,0,171492.7,155853.23,0,146466.11,5000,73001.86,207388.65,421173.26,159284.28,0,0,0,0,0,156817.45,0,0,0,0,0,0,0,0,166114.86,0,0,0,0,257511.8,0,0,0,0,805540.44,201704.63,0,594782.37,222599.38,528321.56,0,121949.74,93687.56,0,227003.62,233821.85,138798.66,1122583.29,0,328164.13,253340.11,90803.45,0,0,0,41651.66,284754.1,0,185266.69,0,0,0,224825.22,0,0,0,212897.94,0,0,100698.83,161173.94,0,0,79038.55,0,98692.4,0,0,0,217837.51,0,0,0,0,169242.45,0,0,0,176869.58,0,0,58544.12,0,0,0,134861.63,0,0,0,0,0,0,0,0,0,0,227073.61,136975.17,153399.5,50610.69,0,0,2034.45,0,241340.61,315478.45,0,95871.21,234479.12,19674.65,0,0,94431.49,0,0,0,0,280407.33,0,395313.92,120087.19,0,34320.27,281007.91,181845.07,245475.35,61333.81,0,223815.11,0,287.66,0,0,0,136872.32,0,144851.69,220460.68,236544.47,288883.57,0,243732.01,150677.53,0,0,132230.17,0,275505.36,0,0,0,0,132681.93,0,0,0,0,0,129810.07,0,0,0,0,0,155641.53,0,219891.68,144970.68,126058.59,0,0,0,0,0,0,0,0,0,0,0,0,0,0,49035.28,0,0,0,202070.38,164892.56,0,0,0,0,0,475875.01,0,0,0,0,0,0,121849.3,0,0,0,66191.12,0,0,0,0,0,0,89467.33,0,0,0,0,0,222078.98,0,0,0,0,0,0,0,308195.28,0,0,62085.5,0,56993.09,198299.94,242975.05,88202.88,0,0,0,0,22671.81,0,91556.62,0,0,0,0,0,34743,219771.4,0,66454.93,106713.82,0,0,0,364464.61,0,77110.09,247070.48,115108.23,122807.95,0,0,0,203989.93,166512.65,0,336988.08,0,200186.55,199213.9,198053.79,0,0,0,0,0,0,0,0,36188477.72
0,0,0,0,0,0,0,405292.09,0,0,0,0,0,286856.48,245199.7,0,0,0,221354.45,0,85899.42,0,260206.28,191949.98,2343662.74,741112.01,299514,1107664.27,312731.25,827345.52,520033.95,954156.75,341715.73,232972.63,129075.44,0,0,346718.53,314238.88,277012.46,382279.79,1183480.02,0,221121.76,260822.83,553554.93,57527.67,465054.23,1190289.08,182452.69,698170.19,348876.36,0,592777.18,0,0,429669.67,0,248863.8,0,230974.98,237666.44,206173.15,394174.89,753665.01,1017860.81,0,431526.78,430126.75,187163.13,486752.78,313854.2,0,286608.03,463920.64,126575.15,0,0,0,207403.77,316643.3,701805.1,254240.22,498794.64,548469.03,0,385786.97,0,341579.49,0,0,493912.55,297607.14,0,0,0,0,0,0,330817.6,388718.99,453829.32,805910.57,74341.9,0,0,0,0,0,187264.4,0,402263.82,0,140316.07,0,0,0,0,393723.5,0,395871.57,0,206006.49,974679.4,0,0,0,0,0,693637.66,231857.2,356263.97,97856.57,0,0,0,146871.76,726660.37,697512.66,0,0,58025.59,0,0,587762.56,0,398440.74,305459.07,0,387015.43,207286.69,202215.45,522075.25,702987.78,304900.76,0,0,0,0,0,349291.07,0,0,0,0,0,0,0,0,299897.22,0,0,0,0,463263.42,0,0,0,0,1389372.78,371037.08,41561.9,1166808.25,697977,1186141.55,0,223088.02,194727.89,0,486188.37,387266.59,207223.38,1941997.07,1684785.25,564837.03,479609.76,161054.76,164581.38,0,0,190964.24,595289.83,0,260746.31,0,0,0,414846.45,0,0,195969.5,347775.6,0,138154.26,595745.45,301337.94,0,0,204936.34,0,185110.4,0,0,0,374273.69,0,0,0,0,365612.41,0,0,0,366574.54,0,0,122956.93,0,0,0,297873.09,0,0,0,0,0,0,0,0,0,11195.44,462425.66,278875,266681.23,408383.4,0,271.63,168542.34,0,428156.22,669859.57,82389.54,194241.21,517028.88,190128.48,0,0,216328.21,0,103378.72,0,0,849396.23,166146.4,686947.04,215985.98,0,74938.84,564472.77,455198.32,625155.37,292302.7,0,491166.23,0,180678.24,0,0,0,335875.96,0,278952.76,459741.56,494973.74,535869.58,0,495738.3,328736.96,0,0,244853.53,0,609444.52,0,0,0,0,309787.27,0,0,0,0,0,275337.31,0,0,0,0,89376.15,315806.37,0,489186.72,349160.08,239668.05,0,0,0,0,0,0,0,0,0,307487.65,217771.73,414568.54,0,0,277300.64,21571.89,269818.24,0,517148.42,335198.51,123124.05,0,0,0,0,870646.55,0,0,0,0,0,0,250500.49,0,0,0,111476.93,0,0,0,0,0,0,165058.06,217886.34,0,0,0,0,460658.38,0,0,0,0,0,0,0,488290.33,92345.94,0,115403.53,0,302406.86,421242.73,456366.9,197029.16,0,0,0,0,319190.44,0,165053.65,0,0,0,42393.34,0,186720.55,470894.39,0,162768.43,298525.9,0,0,97234.49,848087.75,0,177421.73,496163.56,331656.71,305567.88,0,0,0,487901.73,454828.29,148853.69,663625.9,0,416813.87,398651.39,442655.82,0,0,0,0,0,0,0,0,83673481.49
0,0,0,0,0,0,0,673973.12,0,0,0,0,0,927266.65,401027.4,0,0,0,441538.69,0,406571.8,0,1491514.78,340721.18,3611324.69,1233229.64,507614.8,1646895.37,618104.69,1506072.93,961010.14,1286074.3,594837.83,418268.75,375245.23,0,0,711479.52,1598614.93,538219.33,563329.04,2402399.51,0,414841.22,435890.85,1014364.41,114434.72,768964.09,1309050.77,466276.65,1142216.69,592699.57,0,4751703.09,0,0,678294.57,0,569529.66,0,1302886.57,351752.46,378014.38,2710336.76,1776863.91,1497407.97,0,614047.67,795159.45,312193.53,770089.12,593031.16,0,451842.07,789702.97,759933.37,0,0,0,969481.53,743838.33,1118460.46,405708.68,784387.8,714535.78,42342.3,627095.24,0,529129.94,0,0,926710.74,505180.65,0,0,0,0,0,0,512943.18,643379.7,797244.01,1220258.5,115092,0,0,810456.53,0,0,289450.79,0,699086.77,0,393449.39,0,0,0,0,717747.3,0,648683.88,0,326741.65,1383807.83,37354.59,0,0,0,158746.36,941971.6,1023241.11,517569.02,611353.44,0,0,0,255187.88,1219651.13,1105881.08,0,0,477317.85,0,0,1284006.42,0,653569.33,2152759.14,0,1050740.55,1391936.46,347199.67,849932.94,1143324.47,613438.55,0,0,0,0,0,601228.18,0,0,0,0,153778.11,0,0,0,415155.55,0,0,0,0,725682.48,0,0,0,0,1978626.15,722280.66,323262.25,2085767.97,1007053.26,1820411.09,383919.16,354684.19,321130.8,0,698537.24,542387.38,444873.74,2921164.72,11675488.34,802960.77,655911.52,246404.02,822610.96,0,0,668513.05,877264.05,673864.36,364151.48,0,0,0,650997.57,0,0,609905.27,1292701.42,0,577473.09,1373397.45,470010.77,28702.37,0,309081.36,0,297581.4,0,0,0,616043.57,0,0,0,0,549714.45,0,0,0,559015.64,0,0,251545.06,0,0,0,630811.16,0,0,0,0,0,0,0,0,0,225477.2,807682.78,1033186.54,388304.95,1319556.72,0,368508.32,495852.6,0,753382.62,1026368.52,681151.02,325052.8,884778.25,900622.68,438734.44,0,407574.94,0,998498.95,485609.85,0,1213921.89,676584.98,1780581.49,362051.27,0,186141.36,1668449.82,1024493.73,1060651.59,2091136,0,778701.09,0,508555.62,0,0,468909.53,614921.87,0,512944.16,823836.96,777913.52,959696.63,0,900329.1,750473.27,0,0,409319.89,0,1035460.13,0,0,0,0,388700.36,0,0,0,0,0,424876.35,0,0,0,0,392430.75,487079.02,0,1063971.01,669732.49,495986.68,0,0,0,0,0,0,0,0,5315580.4,580960.52,766029.62,919454.81,642626.22,881401.82,609762.04,0,465715.24,0,816150.83,510676.33,477253.92,0,0,0,0,1292046.21,0,0,0,0,0,0,480728.95,0,0,0,172768.88,0,0,0,0,0,0,251761.96,947185.43,0,0,0,0,674671.2,0,0,0,0,0,0,0,878162.98,1537171.54,0,188666.35,0,973962.63,955717.53,582133.34,285166.59,0,0,0,0,1524807.21,0,343350.3,0,0,0,428105.94,0,1168491.15,720870.61,500507.39,289184.16,490542.05,0,0,886474.8,1410186.11,0,407470.44,732249.59,599363.1,575543.79,0,0,0,817467.72,771242.35,600473.54,1280926,0,666147.6,925622.37,681387.87,0,0,0,0,0,0,0,0,191975711.8
0,0,0,0,0,0,0,1178352.28,0,0,0,0,0,4519793.32,733300.37,0,0,0,953135.67,0,2465870.87,0,8421288.43,489011.76,5438034.69,1781695.78,719736.15,2462007.82,2363583.43,1922134.46,1361894.46,1872385.37,731368.14,727578.17,2921204.91,0,0,2077611.91,8505044.12,1788074.84,937483.08,3660828.23,0,839434.81,549092.26,2470466.69,249008.44,974393.02,1487790.7,628449.31,2512376.46,829565.75,0,12183755.2,0,0,1100669.31,0,1389065.63,0,6891471.01,565364.85,631672.04,8473725.72,5497153.67,2088802.64,0,887074.58,2065312.97,466191.94,1118818.56,1769089.63,0,1285784.91,1210039.74,1064033.62,0,0,0,5667236.29,1462835.47,1696552.75,1028800.15,1303898.64,1706354.06,1306491.21,1196085.62,0,843279.49,0,0,1780937.57,663486.27,0,0,0,0,0,0,829501.68,828325.62,1274589.63,1986789.07,338156.97,0,0,4414481.03,0,0,651223.28,0,3156143.66,0,1534325.41,0,0,0,0,1082428.34,0,1224477.74,0,508416.01,2068963.45,2485321.68,0,0,0,482824.33,1452102.58,4572791.56,2371102.8,5222952.64,0,0,0,320467.16,3423485.51,1767981.86,0,0,4889412.25,0,0,3153696.81,0,914593.13,2402064.62,0,1249844.91,6362182.45,553020.73,1963191.13,1479814.88,1054010.12,0,0,0,0,0,968883.92,0,0,0,0,4852128.71,0,0,0,1166943.15,0,0,0,0,1460581.62,0,0,0,0,3279848.2,1300429.75,2574631.67,3074452.85,1425350.68,2691149.97,1404970.37,511996.73,569672.01,0,971085.17,718481.86,555136.23,4186051.88,0,1141457.66,872437.85,1088304.62,5683486.05,0,0,4184088.91,1251033.73,1598348.01,583591.04,0,0,0,1043802.31,0,0,7448338.28,3429204.28,0,5550422.43,6266109.21,952969.49,1029353.77,0,1500492.94,0,709121.11,0,0,0,1156848.57,0,0,0,0,1034483.93,0,0,0,904443.55,0,0,522313.06,0,0,0,969570.88,0,0,0,0,0,0,0,0,0,2105498.06,3357381.2,1503682.38,568615.06,8168084.08,0,1893108.28,6375721.12,0,2936325.74,1722276.51,6246478.55,591546.56,1413307.05,2187367.02,4641990.04,0,793261.5,0,5075147.2,2255315.24,0,1544540.69,4441148.2,2407391.51,592711.01,0,238235.31,2065197.87,1349827.64,4431885.61,9166151,0,1243529.49,0,4637060.53,0,0,1837132.63,909973.56,0,1483584.61,1626663.42,1003125.77,1426994.05,0,1486075.47,1111543.25,0,0,616076.41,0,1653509.9,0,0,0,0,794099.15,0,0,0,0,0,677411.15,0,0,0,0,1184293.99,849466.22,0,1628249.92,1388447.69,862328.91,0,0,0,0,0,0,0,0,8882454.22,862104.83,967574.51,1139134.89,1287743.33,1822024.16,3402393.59,0,2563832.07,0,1630964.09,767826.25,2410274.65,0,0,0,0,2004772.84,0,0,0,0,0,0,767123.33,0,0,0,408226.66,0,0,0,0,0,0,411506.69,1208479.57,0,0,0,0,955292.8,0,0,0,0,0,0,0,1191861.58,2214994.02,0,271717.09,0,5869234.53,1409498.33,726634.62,513527.72,0,0,0,0,6184824.71,0,544539.16,0,0,0,3306517.59,0,6115334.19,1672905.46,4270824.21,614997.19,931320.54,0,0,7289953.38,1831271.73,0,670612.27,1558467.49,1221635.07,1019798.94,0,0,0,1360239.54,1555983.33,8075093.38,3473102.04,0,930709.98,2250777.46,1066541.23,0,0,0,0,0,0,0,0,486693084.5
0,0,0,0,0,0,0,382059.96,0,0,0,0,0,265756.88,109948.14,0,0,0,391227.05,0,142538.52,0,263116.94,76105.67,2017139.58,503679.68,255208.52,2360939.3,154468.07,513140.66,265178.52,484027.76,210037.53,345701.24,0,0,0,198510.94,0,279433.1,187310.77,1725192.82,0,214859.78,228087.35,441033.69,30095.07,485978.07,93359.01,76453.74,276343.4,268784.97,0,0,0,108081.86,167025.23,0,258289.4,0,298251.94,58176.28,116679.78,0,544364.87,670116.61,0,117213.22,308274.71,0,215424.89,541696.82,0,155287.85,222715.7,99017.5,0,0,0,184848.56,250223.51,288966.72,114281.73,258286.02,439420.76,211983.78,293933.29,0,145507.67,0,0,178306.83,177038.29,0,0,0,0,0,0,0,158976.78,239044.19,403498.68,102221.99,0,0,0,0,0,42019.94,0,211599.6,0,120371.32,0,0,0,0,181589.95,0,186733.29,0,88972.17,0,443592.66,265248,0,0,43999.85,89002.76,0,0,198923.75,0,0,0,58314.03,720440.75,584280.47,0,0,326805.34,0,0,916608.31,0,214188.27,187798.4,0,171096.88,236762.36,83051.63,351811.82,638306.18,0,0,0,0,0,0,145629.74,0,0,0,0,271577.49,0,0,0,129672.3,0,0,0,0,0,0,0,0,0,776745.69,227702.1,194596.25,0,347478.62,1048973.85,331221.22,155275.93,136910,0,457392.54,232012.65,111405.89,1051065.38,637877.29,0,326402.74,60695.25,188020,0,0,269156.98,289236,157616.71,121643.57,0,0,0,247882.65,0,0,207432.94,53459.24,0,303055.1,241971.27,173791.88,554191.92,0,0,0,31540.12,0,0,0,212759.52,0,0,0,0,96105.86,0,0,0,146255.95,0,0,69948.5,0,0,0,173565.31,0,0,0,0,0,0,0,0,0,125231.62,257315.46,143273.9,114912.53,438464.55,0,0,280168.95,0,197213.81,437248.44,170221.8,90303.42,297590.01,0,0,0,150844.15,0,197704.28,231279.37,0,317754.88,0,317990.14,385550.54,899152.67,55352.28,2980.81,0,274054.1,418228.91,0,230492.93,0,0,0,0,319955.96,208711.89,0,443405.31,245543.42,268411.86,248510.44,0,606262.28,101811.93,0,0,0,0,183055.92,0,0,0,0,325484.87,0,0,0,0,0,206063.81,0,0,0,0,0,176943.81,0,399441.11,360310.48,248032.49,0,0,0,0,0,0,0,0,290445.28,111803.18,165815.76,177551.81,181093.01,169251.43,255467.19,187325.2,176263.28,0,236180.41,169460.79,0,0,0,0,0,742470.92,0,0,0,0,0,0,152213.77,0,0,0,62001.38,0,0,0,0,0,0,358179.19,129550.08,0,0,0,0,156679.22,0,0,0,0,0,0,0,243234.42,103514.85,0,64266.14,0,250636.01,249953.42,170300.3,63146.92,0,0,0,0,245963.06,0,103245.19,0,0,0,0,0,226386.4,316823.09,168426.16,170619.8,129342.71,0,0,139501.28,767291.14,0,86758.03,271022.14,0,183644.1,0,0,0,564207.41,325861.93,289313.59,129675.22,0,146306.49,165367.23,293302.27,0,0,0,0,0,0,0,0,57079794.7
0,0,0,0,0,0,0,899069.19,0,0,0,0,0,528232,233471.45,0,0,0,643374.63,0,325055.15,0,637398.37,170630.36,4154458.88,870727.92,468603.99,3051385.1,0,1112717.15,690951.11,1013582.94,432914.4,693560.39,0,0,0,439101.46,0,634430.16,411155.03,3572540.11,0,335035.41,370587.08,947005.13,70795.2,855050.63,178667.13,192878.25,676394.38,510921.12,0,0,0,244662.06,378101.66,0,585306.58,0,846593.86,200202.89,264547.79,0,1134809.99,1270423.34,0,334168.92,863121.8,525485.55,444138.83,691368.2,0,361134.91,462595.7,193870.43,0,0,0,454389,718506.93,589325.26,274978.38,485378.1,574761.1,448588.98,645335.97,0,395570.12,0,0,420949.71,313296.18,0,0,0,0,0,0,0,371595.99,524185.3,827952.1,183374.97,0,0,0,0,0,141719.58,0,411501.98,0,219205.93,0,0,0,0,573771.2,0,373100.52,0,213577.79,0,942095.94,531324.27,0,0,94440.39,230930.26,0,0,445009.09,0,0,0,207881.37,1069845.25,908559.71,0,0,927634.07,0,0,1371144.12,0,496363.37,572308.27,0,343829.64,568146.77,171765.94,849257.63,935489.6,4271.17,0,0,0,0,0,419673.87,0,0,0,0,685063.71,0,0,0,255996.62,0,0,0,0,0,0,0,0,0,1414468.29,480763.45,364085.66,63618.84,970529.36,1085035.9,786074.4,344288.56,263840.44,0,630686.71,427202.75,222180.65,1823026.58,1184469.08,0,772813.87,126084.54,402113.03,0,0,493889.3,659276.53,491724.21,280949.73,0,0,0,420321.55,0,0,516911.33,205304.22,0,610807.8,600388,392804.69,1451681.07,0,0,0,156977.89,0,0,0,429983.57,0,0,0,0,323391.46,0,0,0,332996.47,0,0,268077.5,0,39064.86,0,365712.36,0,40006.9,0,0,0,0,0,0,0,344045.42,712798.93,535617.31,222249.59,845997.97,0,0,522961.9,0,480106.52,892304.13,383794.24,212392.15,657356.7,0,0,0,298783.07,0,485476.19,545744.56,0,652731.09,0,1142502.51,486858.06,2846555.77,205160.47,168503.36,176421.64,643884.94,833793.47,0,702873.04,0,0,0,0,505594.14,448298.71,0,777164.85,438725.02,637905.51,547620.05,0,1453564.21,294869.45,0,0,0,0,304813.42,0,0,0,0,587114.07,0,0,0,0,0,491639.57,0,0,0,0,0,405691.3,0,1000793.91,905210.99,479933.83,0,0,0,0,0,0,0,0,592622.4,253011.1,321644.97,414790.88,448873.54,394126.89,541491.01,401543.16,347184,0,583631.17,380011.86,0,0,0,0,0,1230867.13,0,0,0,0,0,0,306000.17,0,0,0,162135.06,0,0,0,0,0,0,513690.21,339262.39,0,0,0,0,277297.03,0,0,0,0,0,0,0,1140095.95,261577.37,0,148538.22,0,555774.28,559493.16,395482.3,191365.87,0,0,0,0,544518.58,0,282350.45,0,0,0,0,0,546870.89,552572.56,486259.21,345818.45,217494.96,0,0,474869.19,1309461.62,0,219332.52,747798.27,0,501614.37,0,0,0,765689.73,703231.86,574469.19,327687.26,0,284083.92,362596.19,565211.55,0,0,0,0,0,0,0,0,119405167.3
0,0,0,0,0,0,0,1256690.58,0,0,0,0,0,777311.09,408956.22,0,0,0,861130.36,0,601407.91,0,1162412.21,281525.61,8974472.1,1181960.21,592934.58,3489064.47,1365732.34,1793151.2,1317549.8,1423630.72,561602.86,1351738.7,0,0,0,726370.87,0,1008119.92,745543.2,6217904.22,0,567380.02,830468.98,1453990.25,189392.3,1255901.3,392392.81,371065.16,1223655.85,888528.93,0,0,0,518173.1,704273.14,0,905692.69,0,1530141.17,413618.63,594593.03,0,1896210.08,1595764.04,0,532404.38,1318118.51,3435644.61,779940.48,851424.03,0,556054.72,762583.53,312839.64,0,0,0,862497.77,948287.71,904485.12,405671.07,791251.58,930669.95,698242.38,860161.2,0,621995.83,0,0,642123.05,473104.81,0,0,0,0,0,0,0,567938.51,870906.75,1162633.4,278660.97,0,0,0,0,0,264201.99,0,749379.25,0,391099.75,0,0,0,0,937751.8,0,602263.11,0,332293.07,0,1707406.55,1586036.48,0,0,152533.65,557396.08,0,0,813632.91,0,0,0,402044.05,1556721.78,1456766.43,0,0,1696804.5,0,0,2037881.44,0,800052.76,2103964.69,0,631529.58,992030.55,334862.47,1497999.28,1252819.42,271611.84,0,0,0,0,0,626719.7,0,0,0,0,1154004.68,0,0,0,362568.5,0,0,0,0,0,0,0,0,0,2479306.82,668498.17,733732.07,219046.51,1191098.02,1288557.06,1238727.8,563815.6,408357.18,0,781075.8,584708.9,488832.46,3560615.38,1726377.91,501964.2,1138171.46,190601.37,770299.53,0,0,861412.44,1005785.53,1662008.55,486731.82,0,0,0,675323.39,0,0,1024764.82,483907.17,0,1073998.41,1029090.26,625906.6,2811897.2,0,0,0,380346.75,0,0,0,579792.22,0,0,0,0,713052.18,0,0,0,550328.66,0,0,511800.42,0,870859.78,0,681678.97,0,1136819.39,0,0,0,0,0,0,0,590260.17,1013399.42,800756.47,337243.02,1352340.29,0,0,995190.96,0,965136.44,1554503.42,987456.21,391693.47,1218580.19,0,0,0,416791.11,0,822235.12,855108.29,0,1317260.47,0,2512428.74,1012485.11,10076655.71,1503770.29,2203194.25,1589494.15,955634.79,1334430.99,0,886397.62,0,0,0,0,818263.1,727510.95,0,1627888.03,704458.3,1081814.39,1335556.1,0,2135870.12,946499.65,0,0,0,0,594880.58,0,0,0,0,2410074.93,0,0,0,0,0,750415.67,0,0,0,0,0,541759.23,0,1655199.28,1324556.27,1289286.7,0,0,0,0,0,0,0,0,1024176.51,747550.44,532088.3,584405.22,655306.36,640354.11,863052.59,779851.99,647985.06,0,950015.43,582069.38,0,0,0,0,0,1796542.55,0,0,0,0,0,0,512716.99,0,0,0,224246.13,0,0,0,0,0,0,622418.51,598447.87,0,0,0,0,437556.16,0,0,0,0,0,0,0,2862757.84,488388.58,0,366911.35,0,924378.7,1195324.72,786164.12,282989.57,0,0,0,0,972573.56,0,405082.84,0,0,0,0,0,918080.02,1150863.87,1051469.75,518412.49,481867.65,0,0,891648.25,1700794.64,0,538020.31,1068363.47,261420.6,790804.17,0,0,0,1245018.41,1182543.8,919198.1,654093.05,0,771301.94,725951.5,772002.47,0,0,0,0,0,0,0,0,221731447.1
0,0,0,0,0,0,0,1498831.85,0,0,0,0,0,1433662.33,691287.6,0,0,0,1668669.29,0,1019971.13,0,4091139.47,442546.73,22681809.86,1810132.05,920752.1,4113000.86,1846494.42,2535202.22,2078651.76,1771845.87,821812.64,1596716.42,0,0,0,1490230.52,0,1351678.67,963130.08,10404171.36,0,717060.34,1112586.37,1915174.22,256046.86,1601806.11,1273472.46,667057.26,1803170.25,1220422.5,0,0,0,750770.04,962988.6,0,1947129.14,0,6717188.33,666547.19,859602.01,0,2959855.97,2044727.04,0,801670.85,2160221.77,0,1077824.78,1126435.93,0,1128095.71,1080588.62,690025.28,0,0,0,2973214.66,1345446.88,1336604.38,1002505.23,1813321.99,2199740.31,1605007.59,1327603.95,0,1198213.25,0,0,4059147.92,1209194.16,0,0,0,0,0,0,0,1330992.97,1283607.07,1992619.2,321018.89,0,0,0,0,0,731877.75,0,1828521.74,0,949960.3,0,0,0,0,1147251.89,0,1456259.17,0,498219.43,367104.2,8757258.96,5331899.54,0,0,570675.23,1059752.97,0,0,6294921.24,0,0,0,500779.36,3024001.68,1861112.75,0,0,7360376.83,0,0,6479373.11,0,1112899.55,2732742.44,0,927704.61,5437739.31,510806.2,2259903.3,1538439.42,476407.3,0,0,0,0,0,882861.6,0,0,0,0,5320319.13,0,0,0,695281.39,0,0,0,0,0,0,0,0,0,5957630.7,1093204.78,1499562.05,2415437.25,1542098.78,1830882.51,1775675.78,1140250.06,652597.95,0,938293.93,692302.65,855967.78,4363890.74,2980058.01,715393.87,1438141.88,276671.26,5344641.06,0,0,5815452.57,1692360.02,3769568.79,792122.01,0,0,0,1511290.07,0,0,7587944.33,919436.78,0,4731913.51,2215321.52,1001041.41,5697933.66,0,0,0,1345333.87,0,0,0,950093.63,0,0,0,0,1099404.11,0,0,0,887752.32,0,0,669626.72,0,1840264.49,0,1030190.93,0,1769590.44,0,0,0,0,0,0,0,3122213.85,3055351.43,1102256.91,457251.89,3807868.3,0,0,6869993.74,0,3593230.36,2030032.81,7503596.87,551324.8,1842258.71,0,0,0,589979.09,0,4781542.68,3048784.98,0,1960859.83,0,3061751.82,1256042.26,17310936.07,1831234.32,2837899.07,2207871.28,1769856.47,3034333.02,0,1424284.83,0,0,0,0,1317024.89,988667.46,0,2350872.11,1228432.21,1495899.66,1876468.17,0,3325840.58,1205204.66,0,0,0,0,2090094.91,0,0,0,0,2546478.85,0,0,0,0,0,987297.77,0,0,0,0,0,867300.6,0,1963949.31,5884593.25,1937976.57,0,0,0,0,0,0,0,0,3486882.37,1003462.76,760250.39,786062.98,1147078.84,1374969.35,1419800.16,4591501.23,4214642.61,0,1755649.21,1428507.99,0,0,0,0,0,2372934.32,0,0,0,0,0,0,1335308.99,0,0,0,458671.14,0,0,0,0,0,0,907999.77,1089249.97,0,0,0,0,718441.75,0,0,0,0,0,0,0,3747550.47,795553,0,496546.98,0,5721622.7,1631328.46,1034382.25,425736.96,0,0,0,0,6386609.67,0,502385.88,0,0,0,0,0,1901911.61,1832941.47,6556703.99,839219.09,988770.9,0,0,7959480.65,2077822.52,0,869590.98,1903677.43,1802661.97,1229318.59,0,0,0,2564803.41,1555769.06,3804548.53,933144.97,0,1017815.48,4450117.34,1181900.52,0,0,0,0,0,0,0,0,478904421
