133518,0,278013,0,181388,0,109363,0,0,0,2000,0,0,0,100887,0,211955.74,64860,0,45616,0,0,0,82018.69,0,0,0,0,0,0,0,99787,103730,0,0,38979.36,0,75530,102117,86850.44,0,0,0,73648.9,0,0,0,0,0,0,0,0,0,0,130519.81,102602.62,53084,32343,0,49779,0,40914.01,0,112648,47600,0,96166,0,140924,0,0,0,0,0,0,0,107743,0,11712,62876,0,0,181203,0,114900,81838,80293,0,40344,0,67710.45,0,14052,41285,154106.7,0,71439,0,0,0,108266,111874,0,0,0,0,0,0,28473,0,48756,24598.27,93125.37,97274.19,92870,69777,0,0,0,0,0,0,0,0,114796,220658.2,105361,134135,0,0,73859,23651,0,0,101068.21,31898,0,113091,892844.87,0,73480,346976.69,67772.44,130160.79,0,178114,0,0,0,0,105449,0,112040.14,0,0,1226,11307.75,68328.21,186274.39,101728.04,0,23107,0,21074,66766,0,73628,24193,44307,146098.23,0,60760,74129,300964,0,259327,88242,0,170377.93,0,0,0,0,0,0,0,0,0,26140,0,0,0,0,39289.74,0,0,0,0,0,23121,941.97,0,0,0,31758,73594,66833,0,127437,7878,133983,477036.93,64371.62,9359,167033,0,0,198607.88,0,0,0,63417,0,0,0,26772,267620,84343,62435,0,148243,0,129857,0,50000,387112,0,0,0,123787.99,0,101352,60634,0,248284,108315,0,27437,64841,9368,0,22279,0,0,85614,0,90504,87808.9,58734,288,0,89959.45,0,0,121100,0,0,0,68901,15300.61,0,0,0,0,0,219783.2,0,0,0,0,0,100904,0,149360.16,0,0,34232.19,265840.4,159031,138015,131360.48,46963.79,0,0,0,0,0,0,27081,0,0,0,0,0,0,12329,96393.38,0,78690,56327.59,0,80372.55,161258.76,0,74766.7,0,47914,0,89043,0,90381.6,0,0,0,0,92398,0,0,0,0,78436,73127.57,0,0,0,103565.23,94647,83621,0,88912.51,80067,248576,0,0,36694,0,7896.16,28104,0,0,0,0,17227,51781,106901,0,0,0,0,0,0,0,0,0,170879,46816,179464,0,0,0,0,125147,0,0,104154,181235,229103,0,0,0,0,0,0,137408,0,0,39986,0,0,0,0,87357.33,0,261745,129466,52792,0,0,0,40724,0,47827.85,38535.73,182501,0,0,0,32765,143132,252168.96,0,0,0,0,0,0,0,65119.14,0,0,0,204247,0,117582,0,0,0,35413,50676,0,67049,0,122659,0,71319.33,19369515.14
282152,0,351772.52,70827.28,244828,0,240724,0,0,0,529377,0,7202.75,89200.55,186640,0,382994.51,113777,0,94901,0,0,0,171481.22,0,0,0,0,0,0,0,185368.11,182733,0,47848.15,154148.47,0,129938.6,313200,159060.15,0,0,0,221496.96,0,0,0,0,0,0,0,0,0,0,205269.8,206516.99,109327,64354,0,156579,0,95034.34,0,167989,90800.25,0,224418,0,322711.85,0,0,0,0,0,0,0,228458,0,31749,163810,0,0,375506.88,0,243305.67,164067,193907.8,0,137077.62,0,142818.93,514554,31013,98163,305684.62,0,107062.81,0,0,0,164048,146510.67,0,44090,0,0,0,0,44348.64,19789.67,85540,48201.9,183483.45,145199.57,160140,134698,41303.62,0,0,0,0,0,0,0,216998,364856.13,200890,250540,0,0,187700,50599,0,0,194317.71,68720.11,0,241678,1099317.52,0,140307,1441853.39,161463.94,235426.61,0,420595,0,0,0,0,182732,0,183827.91,0,0,24946.7,38194.18,187461.18,324503.23,224847.96,0,61028,0,50807,114044,0,133763,75171.18,103958.63,253691.28,0,132905.66,187700.75,420666.94,0,850751.44,209476,0,321046.71,0,0,0,0,0,0,0,0,0,63420,0,0,0,0,57411.45,0,0,0,0,0,120985,37543.71,0,0,0,78130.26,116008,159985.75,0,269872,33443,269029.57,665797.01,145889.55,10479,318254.66,0,0,295614.43,0,0,0,151702.75,0,0,0,108178,481613,170193.66,100111.43,0,342288.96,0,405609.58,0,68706.08,889143,0,0,0,269667.04,0,160678,103093,0,414383.54,313437.03,0,50422,129621.63,20215,0,31161.61,0,0,153400.98,0,238120.91,172085.05,94548.25,5948.14,0,288917.95,0,0,279517,0,0,0,156675.12,181390.61,0,0,0,0,0,350381.58,0,0,0,0,0,206817.45,0,287265.24,0,0,70274.17,522221.39,244866,302289.58,281794.94,80854.3,0,0,0,0,0,0,60638.63,0,0,0,0,0,0,34177.32,222237.07,0,241893.63,132264.54,0,210779.55,460073.13,0,517298.3,0,72581.09,0,182513,0,198853.43,0,0,0,0,309685,0,0,0,0,119684,136585.72,0,0,0,218596.49,220507.58,165133.91,0,224911.07,168010,261538,0,0,66729,697745.3,84504.09,84853.67,0,0,0,0,33752,86269,197783.57,0,0,0,0,0,0,0,0,0,327010,103966,367693.76,0,0,0,0,199297.08,0,0,238242,336859.8,465721,0,0,0,0,0,0,299866,0,0,87238.22,0,0,0,0,151389.41,23719,464761,243617,95092,0,0,0,113079,0,97681.58,114445.73,330898.15,0,0,0,60713,213998.06,427857.98,0,0,0,0,0,0,0,118999.54,101485,0,0,387434,0,478770.16,0,0,0,67494.96,97572,0,140119,0,208400.02,0,154431.33,41810896.74
499510.41,965666.63,749469.68,511509.5,411991.62,0,479141.28,0,0,0,588000.55,0,389304.57,134925.43,321969.8,0,595838.72,194712.59,0,263601.82,0,0,0,596283.17,0,0,0,0,0,0,0,341406.44,353441.69,0,945935.59,723489.5,0,203076.07,576091.29,223348.83,0,0,0,424739.6,0,0,0,0,0,0,0,0,0,0,775820.89,380366.14,282439.4,106847.12,0,434363.37,0,254181.87,0,555853.76,180584.28,0,285774.5,0,484218.36,0,0,0,0,0,0,0,358674.43,191825.44,48971.45,302750.21,197457.76,0,721065.41,0,445090.92,754070.9,342960.92,0,201005.63,0,329345.97,1435418.03,48915,214884.16,729700.59,0,209566.2,0,0,0,214804.62,451720.64,0,266288.57,46538.27,0,0,0,103295.9,71190.24,140162.95,103472.62,428733.27,258062.36,319962.55,212814.9,146357.5,20508.14,0,0,0,0,0,0,308897.13,1061190.11,327377.03,512945.42,0,0,333815.65,115894.64,0,0,392185.2,112693.06,0,395435.54,1607031.05,0,208199.82,1947308.06,221636.99,419388.17,0,718925.66,0,0,0,0,340237.53,0,363367.22,0,0,311477.08,391749.53,777862.97,505671.91,437063.94,0,205906.45,0,85406.48,194038.3,0,209466.44,157210.38,151206.79,485737.46,0,196286.16,340728.49,2008924.19,0,1205475.29,327443.35,41883.98,527969.69,0,0,0,0,0,0,0,0,0,118602.6,0,0,0,0,68656.65,0,0,0,0,0,207770,107190.15,0,0,0,126238.02,193464.96,227443.95,0,843616.13,64407.16,735253.03,963095.01,241765.62,87418.78,464522.11,0,0,537593.95,0,0,0,242637.18,0,0,0,231506.72,922203.45,348336.6,143149.24,0,707781.54,0,599328.57,0,145947.99,939943.67,0,0,0,358793.82,0,267433.58,144289.16,0,681879.61,378327.37,0,59235.7,289638.73,31353.22,207953.22,139091.09,0,0,386449.99,0,331412.18,438964.65,231586.22,450371.49,0,921355.18,0,0,632729.02,308972.55,0,0,306457.63,449464.91,0,0,0,0,0,504651.24,0,0,0,0,0,399822.97,0,435822.43,0,0,125280.66,701775.19,374348.48,401127.18,426135.72,136047.71,0,0,0,0,0,0,113231.89,0,0,0,0,243209.48,297192.45,62337.39,510424.67,399095.26,541731.45,416878.27,0,339317.01,700914.79,0,1128347.97,0,152084.16,0,378926.04,0,292049.89,0,0,0,0,629520.47,0,0,0,0,264283.34,233264.06,0,241362.29,0,401237.59,490425.29,279339.7,112574.67,274752.11,465518.6,271278,0,0,105898.19,1286974.79,601226.79,405511.89,0,0,0,167069.48,51531.55,137272.74,279424.67,0,0,0,118056.6,0,0,0,0,0,545780.5,144767.94,742590.75,0,0,0,0,285531.87,0,0,384763.58,619870.46,683394.3,0,0,173841.54,0,0,0,645562.89,0,392375.96,158540.17,0,0,0,0,243269.27,808292.67,859580.22,306505.62,137949.18,0,209166.16,0,245616.46,0,154346.07,285172.91,856237.88,0,0,0,82650.81,370136.71,749068.69,0,0,0,0,0,0,0,203233.49,153511.6,0,0,628223.9,0,645343.92,0,0,0,224280.86,168207.85,0,231347.35,0,458045.13,0,310549.58,86786220.99
1576053.5,2068381.78,1076734.72,1638147.83,662599.36,0,747979.46,0,0,0,651065.18,0,1933745.59,555652.38,814465.8,0,1483794.34,265352.99,0,866000.67,0,0,0,1622669.05,0,0,0,0,0,0,0,646983.61,719055.93,0,1213784.75,1591856.14,0,427484.06,830398.7,724779.21,0,0,0,798580.58,0,0,0,0,0,0,0,0,0,0,979442.34,845664.54,646077.86,443710.02,0,643411.07,0,380013.67,0,736228.38,365951.89,0,770724.59,0,866775.74,0,0,0,0,0,0,0,567944.17,1249567.8,100789.35,529938.83,2315742.51,0,1861495.92,0,919162.97,3753489.05,760166.73,0,487595.3,0,426658.72,3298150.08,90191.42,721862.84,1050393.99,0,446565.63,0,0,0,404303.02,1968157.57,0,1853425.85,999323.92,0,0,0,311186.77,922947.74,332422.41,1756118.55,1140715.69,816934.55,819956.96,307163.82,1971112.18,926648.55,0,0,0,0,0,0,541916.63,2545236.75,783505.71,1143216.45,0,0,1713812.81,780591.37,0,0,997445.48,320240.29,0,1436058.39,2377688.08,0,464057.85,3517996.15,398953.18,945293.72,0,1050873.62,0,0,0,0,839201.8,0,834589.91,0,0,1697820.9,518722.16,956980.29,844163.55,1214882.57,0,573222.2,0,393081.28,431534.23,0,1133607.97,828898.47,553119.76,4013704.18,0,683402.49,1238269.17,2477209.14,0,1862613.31,1117840.47,878565.76,790958.32,0,0,0,0,0,0,0,0,0,440607.39,0,0,0,0,237994.85,0,0,0,0,0,1421614.79,1292932.89,0,0,0,272848.24,371516.53,697241.63,0,1573679.49,155158.51,1816214.29,2886898.71,770206.59,1535405.32,794179.96,0,0,1893758.14,0,0,0,586801.26,0,0,0,1176560.29,1331579.45,857190.5,395166.05,0,3071415.58,0,949633.56,0,640424.31,1628109.11,0,0,0,462503.9,0,420601.91,282520.83,0,2287342.44,916660.78,0,191346.77,974791.98,81361.47,1029411.67,923790.76,0,0,783362.66,0,646175.47,683817.83,553585.98,1342268.71,0,2261218.23,0,0,2728167.19,1573914.31,0,0,624524.97,1916281.8,0,0,0,0,0,1004489.59,0,0,0,0,0,968984.08,0,807738.77,0,0,289093.76,1707113.03,939787.08,724783.06,772924.5,468478.4,0,0,0,0,0,0,489320.66,0,0,0,0,532695.83,872932.19,252113.7,759367.48,1298317.67,1140975.23,666809.93,0,730534.62,1226868.68,0,1743435.78,0,458932.04,1261549.12,878306.17,0,842867.84,0,0,0,0,1238648.75,0,0,0,0,1029595.59,432698.89,0,958040.72,0,778776,1167861.28,456611.21,1262872.88,619160.87,748516.18,271278,0,0,189808.45,1473298.05,968310.55,458700.36,0,0,0,1314090.61,107486.67,362878.5,644169.48,0,0,0,669632.75,0,0,0,0,0,989882.66,441740.58,1309122.32,0,0,0,0,389337.2,0,0,798993.26,1274924.24,3447988.46,0,0,561678.09,0,0,0,983525.55,0,821730.72,530674.7,0,0,0,0,635637.96,2040086.02,1391987.74,482576.8,322084.55,0,670306,0,369478.59,0,280856.68,691011.22,1591384.52,0,0,0,707706.78,562239.48,1402419.03,0,0,0,0,0,0,0,279019.76,749800.15,0,0,1031729.57,0,1143014.16,0,0,0,493309.13,384453.14,0,428298.11,0,2531880.35,0,639268.97,219452761.6
361292.12,72424.45,271531.64,164654.7,75121.54,0,212292.75,0,0,0,48828.48,0,0,0,100214.26,0,189755.03,89155.95,0,29851.6,0,0,0,146576.51,0,0,0,0,0,0,0,264036.59,90715.95,0,70579.24,160811.67,0,48344.77,277640.55,79320.23,0,0,0,0,0,0,0,0,0,0,0,0,0,0,141142.15,79146.86,97832.58,33459.22,0,66280.14,0,50801.35,0,159218.8,165277.75,0,120663.55,0,232902.67,0,0,0,0,0,0,0,0,110974.9,6915.8,116145.88,99691.55,0,151184.17,0,86962.76,110946.42,0,0,38816.99,0,139220.82,182847.12,0,81858.25,315458.59,0,41152.42,0,0,0,39693.88,113172.98,0,121052.11,73179.98,0,0,0,66900.89,89451,32128.33,67349.55,54270.97,81745.75,106575.08,64855.27,295507.23,0,0,0,0,0,0,0,3688.1,110595.94,2654.25,180432.99,0,0,127018.15,36980.58,0,45110.12,39969.3,56415.54,0,136130.19,185213.12,0,64851.61,656697.68,166459.39,141063.42,0,161029.13,0,0,0,0,68146.59,0,0,0,0,76275.67,16241.6,58171.82,167363.77,74780.7,0,12401.03,274240.07,31837.36,71582.27,0,56138.88,55050.68,98941.08,56003.8,73905.9,119984.49,0,0,0,0,141633.49,110294.94,212731.93,0,0,0,0,0,0,0,0,0,33136.35,0,0,0,0,7396.45,0,0,0,0,0,36798.13,56034.8,0,0,0,74867.91,57253.32,49115.39,0,116125.06,0,82594.13,282725.29,50602.36,173828.3,150621.03,0,0,189410.07,0,0,0,115144.28,0,0,0,58931.27,492060.78,107189.81,72106.73,0,270382.32,0,0,0,0,254894.37,0,0,0,109321.73,0,6934.48,77554.93,0,140285.95,122495.28,0,0,63783.36,13520.24,0,38592.08,0,0,107609.2,0,62502.69,47023.13,29266.41,150488.52,0,560689.62,0,0,149586.7,145616.1,0,0,117242.6,277421.17,0,0,0,0,0,227800.42,0,0,0,0,0,88652.94,0,239617.7,0,0,26672.19,112694.08,83497.93,126696.81,0,55950.35,0,0,0,0,0,0,37369.72,0,0,35646.53,0,120977.04,117470.46,44673.64,41117.54,0,137627.21,46435.01,0,125223.62,304811.61,0,93201.06,0,35830.9,61418.64,132613.19,0,64874.82,0,0,0,0,142781.19,0,0,0,0,10727.74,67792.18,0,86060.62,0,130778.67,151003.47,83785.11,135939.27,86027.05,0,81115.79,0,0,27067.29,194005.82,170490.39,13164.05,0,0,0,0,14473.9,67565.32,116897.31,0,0,0,149999.53,0,0,3086.8,0,720100.98,157954.78,51450.85,139492.49,0,0,0,0,947143,0,0,100425.24,241443.75,207459.8,0,0,117826.29,0,0,0,128034.4,0,125857.06,35987.68,0,0,0,0,58243.58,83953.34,288459.6,95056.58,73423.13,0,48105.82,0,60136.73,0,38569.47,49514.17,351035.25,0,0,99841.16,45365.35,138205.46,403980.93,0,0,0,0,0,0,0,0,0,0,0,0,0,117698.8,0,0,0,82783.96,56016.39,0,77597.25,0,107784.81,0,43152.11,24814854.83
598089.71,233092.54,605549.57,397240.99,134474.61,0,363236.26,0,0,0,108018.41,0,0,0,233091.07,0,391846.08,138326.91,0,95247.46,0,0,0,340209.81,0,0,0,0,0,0,0,445142.23,181032.87,0,219646.6,391112.16,0,124753.88,448483.63,192943.18,0,0,0,107331.63,0,0,0,0,0,0,0,0,0,0,304472.7,204969.78,273459.14,131206.63,0,190868.28,0,98308.13,0,273305.02,325354.66,0,233130.45,0,431360.66,0,0,0,0,0,0,0,0,318233.92,33662.81,210444.94,267893.43,0,361985.79,0,198752.22,232333.72,0,0,98722.52,0,257792.3,341880.55,165917.21,228963.3,846950.31,0,126344.52,0,0,0,89634.05,167919.71,0,339607.53,112981.03,0,0,0,89239.59,161479.78,59756,91959.89,115169.06,154841.61,212010.72,134731.16,599657.02,0,0,0,0,0,0,0,141026.32,203077.33,160319.43,423680.95,0,0,280480.69,113575.14,0,102193.44,127680.25,120676.85,0,276564.31,404768.76,0,131879.33,1578970.87,227567.92,303938.26,0,375919.33,0,0,0,0,179092.05,0,0,0,0,180656.45,69199.65,148894.61,315060.72,183765.02,0,29687.62,316546.07,123051.84,130115.61,0,126531.68,125807.52,224891.38,169756.1,362950.45,194643.41,0,0,0,0,297333.52,222919.64,435653.31,0,0,0,0,0,0,0,0,0,100023.13,0,0,0,0,32750.53,0,0,0,0,0,127754.71,153592.38,0,0,0,123278.22,142707.93,173452.93,0,236466.12,0,205604.3,501925.12,139500.48,305234.22,282104.89,0,0,309819.51,0,0,0,182690.72,0,0,0,142199.11,836745.2,240777.82,133919.1,0,427146.78,0,0,0,483,413174.69,0,0,0,186682.28,0,79171.58,113351.11,0,312234.17,274506.67,0,0,140039.91,23968.72,0,74195.06,0,0,218385.62,0,317752.18,187905.6,88201.68,318526.61,0,919970.37,0,0,410466.91,261438.68,0,0,425232.51,431814.13,0,0,0,0,0,342915.45,0,0,0,0,0,239963.44,0,478933.57,0,0,80695.34,308896.32,189510.33,252078.76,0,109062.01,0,0,0,0,0,0,80808.11,0,0,166921.09,0,268491.87,192423.43,91979.75,116099.82,0,348489.63,105874.03,0,331076.95,616504.81,0,215755.61,0,68346.75,197046.5,362151.39,0,181118.24,0,0,0,0,613877.03,0,0,0,0,102511.72,124388.15,0,171653.73,0,313423.57,376162.04,212335.81,345125.95,169602.45,0,197387.25,0,0,45547,351782.08,332838.51,69528.03,0,0,0,0,27884.23,128337.42,285477.11,0,0,0,247676.18,0,0,23506.88,70145.37,752730.77,314143.47,100478.63,407396.51,0,0,0,0,1053137,29501.89,0,230323.71,482076.01,468990.58,34466.4,0,323046.18,0,0,0,265385.57,0,244313.27,124459.84,0,0,0,0,98329.37,197518.39,596023.9,266888.03,113989.68,0,106484.86,0,146643.33,0,102276.69,99054.2,711530,0,0,240757.44,98478.45,246591.09,809845.72,0,0,0,0,0,0,0,0,0,0,0,0,0,315714.54,0,0,0,204899.59,135770.86,0,140024.6,0,219440.02,0,113110.62,52386395.17
955790.82,330545.15,1052110.55,631790.56,181173.05,0,1007200.56,0,0,0,181354.79,0,0,0,372668.93,0,616604.01,298601.36,0,223661.34,0,0,0,517334.83,0,0,0,0,0,0,0,588401,261473.54,0,387414.3,537402.91,0,232148.26,588289.22,408574.87,0,0,0,832227.91,0,0,0,0,0,0,0,0,0,0,505102.52,381041.95,655469.01,331574.62,0,389341.57,0,367787.76,0,553399.02,561308.08,0,382047.98,0,608540.79,0,0,0,0,0,0,0,0,1112356.65,50457.08,327612.83,651220.29,0,618607.7,0,447637.34,432164.4,0,0,173268.26,0,383604.71,725231.42,746684.6,387524.25,1086300.9,0,179609.09,0,0,0,151064.37,366092.43,0,548065.31,195001.8,0,0,0,191964.75,218576.52,127292.08,144133.4,203370.72,291438.89,353626.76,243687.74,889191.3,0,0,0,0,0,0,0,1001974.24,377531.84,904556.02,622913.2,0,0,553342.34,175973.74,0,205209.92,254302.43,197584.35,0,467829.64,642298.92,0,240225.97,2439462.9,292466.15,471255.7,0,565117.06,0,0,0,0,321740.49,0,0,0,0,465722.55,104261.95,306511.04,515087.95,422792.7,0,96643.57,512971.21,195998.3,220141.95,0,248163.89,235755.75,332541.37,359313.69,756164.91,288411.33,0,309195.91,0,0,425165.9,395085.81,715540.55,0,0,0,0,0,0,0,0,0,320814.11,0,0,0,0,320747.06,0,0,0,0,0,178874.29,255799.31,0,0,0,202509.04,205452,223476.05,0,387551.37,220542.03,340352.48,722054.1,252635.61,461580.82,404374.57,0,0,528326.98,0,0,0,304320.1,0,0,0,336633.2,1394891.29,469411.46,208681.07,0,557557.63,0,0,0,188546.61,503051.9,0,0,0,340629.6,0,482762.41,180206.89,0,474379.29,482024.22,0,228008.74,416524.11,35517.86,0,172721.43,0,0,337255.26,0,477850.33,303490.56,153659.21,565961.32,0,1428567.39,0,0,780435.4,459773.39,0,0,626177.98,635407.03,0,0,0,0,0,484279.72,0,0,0,0,0,437618.59,0,715147.44,0,0,155200.58,597353.21,281698.23,377634.39,0,183096.98,0,0,0,0,0,0,127145.24,0,0,283931.21,0,450280.96,270560.88,112619.7,225103.02,0,659188.88,181711.49,0,497886.37,781031.58,0,271183.27,0,92242.88,232519.58,441965.74,0,294303.79,0,0,0,0,716035.08,0,0,0,0,551222.96,211127.03,0,377925.47,0,629176.26,623343.82,358663.57,550862.11,291842.77,0,940683.15,0,0,118997.65,508005.71,476426.21,312626.83,0,0,0,0,53939.3,197534.09,461206.07,0,0,0,435880.4,0,0,592658.13,2712753.07,1172881.92,483351.34,153119.14,582937.23,0,0,0,0,1387856.87,439527.15,0,308167.74,907658.23,829178.26,547938.5,0,503386.35,0,0,0,453497,0,589711.85,711642.63,0,0,0,0,692877.1,536418.45,956937.75,384569.58,197935.8,0,213435.09,0,432074.82,0,172686.15,316371.7,1052626.67,0,0,398579.28,155833.72,421432.73,1309673.16,0,0,0,0,0,0,0,0,0,0,0,158575.74,0,489434.25,0,0,0,300318.96,221509.34,0,225571.03,0,352407.8,0,339429.17,98069123.5
1747901.68,1015709.13,1937044.18,1893594.35,716245.48,0,1376109.29,0,0,0,543287.07,0,0,0,794261.1,0,1356728.79,675061.38,0,1146719.94,0,0,0,1029006.06,0,0,0,0,0,0,0,919419.85,580675.91,0,667524.69,1493684.09,0,551064.85,954942.98,1338734.74,0,0,0,1407973.53,0,0,0,0,0,0,0,0,0,0,912652.34,736723.54,1450057.69,421847.42,0,687471.92,0,517318.77,0,1038920.51,882957.58,0,939549.44,0,1058132.8,0,0,0,0,0,0,0,0,3314512.15,93336.73,1178728.92,2970803.05,0,2516942.01,0,2255215.68,1241041.43,0,0,681753.94,0,700631.66,3556982.25,1854031.39,733716.35,1839752.62,0,859089.43,0,0,0,451561.8,1237970.97,0,705585.12,322028.72,0,0,0,279544.78,787442.5,283339.25,256107.95,292263.13,596394.05,783352.57,372292.25,2254639.19,0,0,0,0,0,0,0,2283550.32,746767.82,1943517.41,922238.8,0,0,1622747.4,479836.13,0,1000474.8,512502.05,498087.28,0,1653534.51,1792784.65,0,542738.6,5013953.34,428755.36,1078357.51,0,955770.61,0,0,0,0,804201.51,0,0,0,0,1480553.23,238181.31,509524.49,777540.22,1010233.86,0,494786.08,1546884.64,349812.56,1136468.16,0,491460.91,557237.44,688904.68,3338557.82,2959532.51,737593.13,0,1628025.55,0,0,939490.02,1344526.15,1090352.4,0,0,0,0,0,0,0,0,0,391277.58,0,0,0,0,436896.85,0,0,0,0,0,444989.92,735849.19,0,0,0,498236.46,308790.98,521662.36,0,678688.32,750294.09,797150.42,1412325.72,666414.3,1610059.73,921482.52,0,0,2649758.06,0,0,0,702239.06,0,0,0,1741140.27,3527368.8,1163592.4,426032.23,0,832985.92,0,0,0,936075.33,2083999.17,0,0,0,586017.27,0,1182136.28,400497.6,0,1611685.04,991245.57,0,1234235.39,1454564.24,63660.37,0,717754.61,0,0,801789.12,0,872391.29,919342.4,533730.09,1268296.27,0,2847828.13,0,0,3401893.47,1997553.22,0,0,1172000.59,2653142.31,0,0,0,0,0,1135081.08,0,0,0,0,0,1250058.87,0,1392823.44,0,0,471794.36,1524118.24,656879.09,2522718,0,536350.44,0,0,0,0,0,0,479229.58,0,0,853387.93,0,2430430.92,1008313.2,606434.2,559343.02,0,1909848.44,441650.19,0,1049262.54,1407912.84,0,1019764.33,0,371142.98,750553.74,1405642.25,0,1009270.52,0,0,0,0,904953.99,0,0,0,0,1971136.02,429658.42,0,1103316.44,0,1595198.92,1368951.32,511021.52,2223573.87,678448.19,1047494.27,1217655.07,0,0,205466.38,866488.27,644354.29,511920.09,0,0,0,0,160648.63,418312.91,1003536.86,0,0,0,669360.68,0,0,1829280.81,2988395.36,1573281.6,895152.21,383728.29,744974.1,0,0,0,0,3245178.21,1745918.29,0,606126.93,3143564.34,1211722.47,781927.1,0,817019.51,0,0,0,771640.9,0,899891.26,4512469.17,0,0,0,0,1152833.71,1043483.47,1883894.76,617864.48,724714.23,0,435498.89,0,634201.99,0,375345.47,1611155.67,1835385.03,829352.99,0,858671.18,753171.73,797681.51,2193393.57,0,0,0,0,0,0,0,0,0,0,0,1569198.61,0,849370.21,0,0,0,655907.3,478546.97,0,433517.94,0,1655467.33,0,944912.45,246564283.6
312165.42,116472.35,41714.17,199985.58,108186.5,0,249516.29,0,0,0,47883.07,0,216690.15,74239.92,128776.4,0,0,46392.68,0,0,0,0,0,0,0,0,0,0,0,0,0,225681.65,117135.93,0,167012.69,0,0,84632.11,150031.05,132634.77,0,0,0,62748.88,0,0,0,0,0,0,0,0,0,0,181085.99,185419.5,143080.05,67558.45,0,123370.13,115234.31,74042.91,0,0,148111.58,0,96.12,0,224454.12,0,0,0,0,0,0,0,0,313014.89,0,189580.33,0,0,0,0,207804.61,0,0,72432.22,66721.41,0,134874.76,0,178770.72,111285.27,0,0,0,0,0,0,0,0,0,149695.47,0,0,0,0,80573.84,0,35374.63,75831.99,35540.92,108138.73,176279.21,229861.95,153812.99,0,0,0,0,158065.92,0,0,192312.8,85357.75,0,121602.9,0,0,0,0,0,108407.66,0,92365.87,0,216200.66,145035.87,0,78241.1,722978.82,141651.93,175662.42,0,220166.97,0,0,0,0,25473.92,0,0,0,0,0,31779.88,133911.22,123222.92,170113.47,0,0,0,58393.13,0,0,88397.48,80383.63,112487.36,0,242208.95,110222.12,0,963832.13,0,0,216465.95,230578.15,292292.41,0,0,0,0,0,0,0,0,0,27477.57,0,0,0,0,53604.52,0,0,0,0,0,64547.51,48973.17,0,0,0,75047.18,104342.17,65588.54,0,164919.5,650.73,168564.77,266989.97,0,70705.71,130555.85,0,0,28236.6,0,0,0,126759.66,0,0,0,147987.9,500936.5,99190.84,0,0,150696.23,0,73339.37,0,310930.54,0,0,0,0,154510.44,0,116623.16,81383.2,0,122612.95,202042.02,0,109593.01,93855.77,0,0,0,0,0,171530.92,0,178343.95,142148.64,33102.01,111478.02,0,223927.65,0,0,234157.71,124486.13,0,0,8479.69,304022.81,0,0,0,0,0,132961.86,0,0,0,0,0,0,0,0,0,0,68555.13,0,167657.64,172246.93,0,71156.75,0,0,0,0,0,0,38667.73,0,0,103730.72,0,87187.95,110557.69,64261.07,92865.03,91356.82,0,56567.34,0,262294.32,221613.36,0,42417.3,0,37077.78,96604.45,0,0,88901.86,0,0,0,0,0,0,0,0,0,65390.52,86894.72,0,111963.12,0,130369.51,0,86604.34,189962.75,0,0,141395.02,0,0,38943.63,137083.85,126530.24,56006.81,0,0,0,0,0,133428.49,193641.57,0,0,0,147316.34,0,0,155194.8,111516.55,88024.64,226286.23,69605.55,171189.88,0,0,0,0,259653.34,95612.89,0,142243.89,0,0,86451.97,0,170836.52,0,0,0,318899.26,0,142759.17,226303.03,0,0,0,0,71079.24,120766.34,355896.42,151854.04,90749.11,0,15071.87,0,93166.58,0,96829.78,95499.02,270684.33,99859.46,0,132002.48,28458.64,148423.1,582229.82,0,0,0,0,0,0,0,89148.96,0,0,0,286514.67,0,118126.49,0,0,0,113618.97,154864.33,0,0,0,96286.82,0,77508.58,25699532.42
562423.77,195668.43,77866.32,366299,185211.42,0,572872.95,0,0,0,100956.41,0,480902.8,131608.19,266723.29,0,0,85877.68,0,0,0,0,0,0,0,0,0,0,0,0,0,429274.94,214132.06,0,426330.37,0,0,173649.13,344606.62,300791.97,0,0,0,180189.76,0,0,0,0,0,0,0,0,0,0,357644.92,379951.39,263467.02,117434.97,0,297018.67,256684.83,134023.52,0,1557045.81,280351.31,0,14974.7,0,440497.78,0,0,0,0,0,0,0,0,681019.71,0,344727.6,0,0,0,0,481603.24,0,0,120446.49,138421.35,0,246311.24,482802.47,370847.33,227817.53,0,0,0,0,0,0,0,0,0,305966.63,0,0,0,0,123091.15,0,79214.69,134150.21,78949.04,259368.17,311564.67,407308.45,270866.44,0,0,0,0,291752.56,0,0,567474.91,169454.7,0,257762.18,0,0,0,0,0,223930.78,111659.9,159894.94,0,518862.68,283302.58,0,222721.06,1817533.15,265050.74,384477.13,0,443966.2,0,0,0,0,232385.79,0,0,0,0,0,62832.68,245832,263362.33,366972.88,0,0,0,115180.47,0,0,197720.66,186355.1,199840.42,0,616076.56,224783.52,0,1225404.65,0,0,369179.53,480052.82,505832.24,0,0,0,0,0,0,0,0,0,73342.99,0,0,0,0,92289.63,0,0,0,0,0,121477.06,101734.87,0,0,0,131006.34,186270.59,213699.9,0,329815.22,2925.71,324173.74,535072.22,0,207538.88,256800.41,0,0,104148.3,0,0,0,208222.05,0,0,0,320658.23,926580.81,233991.55,0,0,295380.02,0,179273.89,0,618806.26,0,0,0,0,209971.48,0,212973.15,146551.96,0,247449.86,410132.13,0,204158.39,233609.12,58153.56,0,0,0,0,318089.62,0,417035.66,297179.45,71412.64,239602.02,0,417736.14,0,0,428786.54,276777.1,0,0,72287.75,509805.7,0,0,0,0,0,395611.56,0,0,0,0,0,0,0,0,0,0,161768.65,0,253187.86,346531.57,0,125527.78,0,0,0,0,0,0,79079.77,0,0,333417.19,0,268197.27,294553.82,154885.89,876084.69,190011.28,13120.08,131534.44,0,511535.56,562112.29,0,106219.66,0,79628.06,180100.25,85122.47,0,200671.91,0,0,0,0,0,0,0,0,0,142181.06,149810.87,0,298516.51,0,295197.83,0,223445.46,523407.77,0,0,670766.12,0,0,78577.18,251609.81,300060.63,118935.86,0,0,0,0,0,178913.12,460028.48,0,0,0,281674.34,0,0,301933.73,341990.62,176391.62,428416.2,123719.25,431563.46,0,0,0,0,529002.98,270734.56,0,301617.13,0,0,189582.02,0,327803.96,0,0,0,612169.14,0,238525.19,455716.95,0,0,0,0,157532.9,256448.61,702355.26,271805.91,186394.02,0,44091.79,0,221650.6,0,169781.44,161043.82,535370.12,217271.16,0,258009.38,160018.99,278819.1,1304941.34,0,0,0,0,0,0,0,150595.68,0,0,0,577563.55,0,275705.27,0,0,0,238337.32,253078.08,0,0,0,184810.14,0,174992.16,56335343.08
858637.39,291138.12,206588.35,508076.76,373225.66,0,952065.6,0,0,0,170307.43,0,714478.75,275895.09,384337,0,0,169468.63,0,0,0,0,0,0,0,0,0,0,0,0,0,709610.11,347638.42,0,577859.51,388958.62,0,665758.3,658508.44,916836.88,0,0,0,315533.96,0,0,0,0,0,0,0,0,0,0,1085088.51,572839.45,634997.38,194701.94,0,527931.54,541238.38,214389.35,0,1880572.03,402966.26,0,1738696.08,0,620585.93,0,0,0,0,0,0,0,0,1129321.1,163564.34,669103.56,0,0,0,0,879888.35,0,0,208651.14,233661.62,0,415298.26,1437963.92,609979.61,364170.03,0,0,0,0,0,0,0,0,0,519499.14,0,0,0,0,222689.45,0,130276.82,219048.55,246929.04,464565.71,551618.79,605879.08,460956.13,0,0,0,0,456009.89,0,0,935982.42,253132.23,0,412925.7,0,0,0,0,0,320855.18,464257.2,229573.26,0,871576.5,531326.77,0,404220.79,2810447.99,311559.12,620547.64,0,625792.21,0,0,0,0,528203.71,0,0,0,0,0,125978.92,328770.25,438599.68,634138.22,0,0,0,147989.49,0,0,327953.52,289101.37,297623.09,0,995705.87,356683.64,0,2500349.39,0,0,793802.84,655619.41,851158.71,0,0,0,0,0,0,0,0,0,116066.65,0,0,0,0,134002.63,0,0,0,0,0,283723.6,157165.54,0,0,0,233631.1,294326.96,351818.9,0,502984.8,187350.61,568068.49,897953.96,0,392514.1,552312.76,0,0,357435.94,0,0,0,358022.52,0,0,0,545169.4,1744069.46,405295.18,0,0,481851.81,0,358986.32,0,902904.8,0,0,0,0,376854.47,0,346721.01,340407.9,0,445747.94,623180.05,0,318392.23,430480.2,572216.68,0,0,0,0,509343.1,0,596338.12,433481.35,117391.83,415170.49,0,715968.41,0,0,901726.1,500622.02,0,0,276419.7,799981.83,0,0,0,0,0,791911.07,0,0,0,0,0,0,0,0,0,0,208813.23,0,546477.26,705560.1,0,228435.38,0,0,0,0,0,0,219606.97,0,0,433720.24,0,539590.36,859478.34,394371.88,1449397.31,352782.92,866428.54,207040.81,0,709468.84,1029542.69,0,144995.74,0,100144.48,222610.24,325608.28,0,388256.96,0,0,0,0,0,0,0,0,0,343591.51,254081.95,0,480155.07,0,525892.72,0,331435.95,1083220.91,0,0,864987.69,0,0,168121.77,516203.48,499025.18,187337.79,0,0,0,0,980.62,218763.97,552141.07,0,0,0,415737.46,0,0,445358.12,581007.42,363233.62,718348.35,189918.09,730463.68,0,0,0,0,905654.22,495217.57,0,497771.58,0,0,320792.97,0,543571.85,0,0,0,1077477,0,440133.93,1004646.61,0,0,0,0,262434.82,424892.19,1302398.51,405352.36,267788.52,0,93905.63,0,823182.36,0,318605.03,367463.06,916077.29,707517.96,0,404911.11,214963.16,469646.06,2015685.55,0,0,0,0,0,0,0,228807.44,0,0,0,881993.02,0,439976.48,0,0,0,341618.31,398074.04,0,0,0,427805.99,0,362767.11,102053358.3
1959811.4,875369.93,330379.74,1046769.68,622255.47,0,1893921.6,0,0,0,651616.09,0,2246796.51,474711.21,1167478.28,0,0,272424.81,0,0,0,0,0,0,0,0,0,0,0,0,0,1197709.12,711853.77,0,991879.87,682341.91,0,944857.56,1371670.86,2540696.64,0,0,0,633995.34,0,0,0,0,0,0,0,0,0,0,2449433.86,1317280.01,1806538.39,365815.24,0,854536.18,1544835.92,354655.43,0,2254034.37,1102605.35,0,2620352.99,0,1042932.65,0,0,0,0,0,0,0,0,3212148.45,997976.31,1754239.74,0,0,0,0,3804192.23,0,0,322731.74,506476.87,0,991105.94,8112757.89,973085.63,925953.57,0,0,0,0,0,0,0,0,0,1571422.49,0,0,0,0,1200198.19,0,455536.53,665791.08,1691413.17,2574360.88,1237552.33,1158299.98,1011326.92,0,0,0,0,936115.96,0,0,2281561.28,398799.21,0,959850.99,0,0,0,0,0,1125584.31,1074803.93,571636.83,0,3512977.03,1906888.43,0,1014823.45,5206109.15,493988.28,1334342.47,0,1262228.85,0,0,0,0,3302707.44,0,0,0,0,0,642287.4,536987.67,781680.88,1319509.16,0,0,0,723066.58,0,0,1085353.21,1063083.41,1975698.55,0,4255385.49,916206.7,0,3573556,0,0,2246208.68,1199381.84,1604765.55,0,0,0,0,0,0,0,0,0,182381.35,0,0,0,0,422103.27,0,0,0,0,0,692657.11,875713.77,0,0,0,676674.9,458546.14,1111773.78,0,972301.82,1225142.08,1863919.63,2813542.95,0,1478471.44,1424371.13,0,0,2553751.44,0,0,0,698053.87,0,0,0,1216182.39,3301396.14,1129363.5,0,0,726309.96,0,1132534.55,0,1339780.74,0,0,0,0,674920.62,0,797495.46,533622.09,0,2475175.19,1262593.58,0,1134337.83,998581.31,1242666.35,0,0,0,0,1187433.84,0,1648225.23,1314851.34,471997.8,1081995.97,0,3043595.57,0,0,4906601.96,1349397.66,0,0,1674287.33,3036317.39,0,0,0,0,0,1639603.29,0,0,0,0,0,0,0,0,0,0,744421.49,0,1787555.73,5275479.91,0,2074086.59,0,0,0,0,0,0,2991575.8,0,0,2985862.65,0,1446274.05,4696776.74,1016890.84,2078566.53,1112110.91,1348201.11,723413.7,0,2157854.24,2952529.18,0,767492.93,0,507641.85,1059129.57,1629553.52,0,1399116.45,0,0,0,0,0,0,0,0,0,1284762.99,579167.03,0,1482472.68,0,1473492.78,0,668342.47,3492407.12,0,0,1168747,0,0,606506.11,848942.51,857926.39,397951.32,0,0,0,0,518040.55,569768.23,1439491.31,0,0,0,845718.08,0,0,955348.86,1111986.02,737570.61,1350756.74,513031.04,1469493.27,0,0,0,0,1203935.24,814252.4,0,1674430.03,0,0,554714.43,0,942674.36,0,0,0,1984779.58,0,908832.21,1762185.62,0,0,0,0,942640.78,1129063.5,2351936.28,734388.9,583913.53,0,262732.29,0,1159609.43,0,636425.76,1793571.39,3301045.58,2348988.74,0,566657.14,1064521.25,1029542.74,3499253.34,0,0,0,0,0,0,0,621679.53,0,0,0,3051923.88,0,1316885.37,0,0,0,831770.72,913612.84,0,0,0,3183204.65,0,1219554.63,277085573.7
674812.48,135539.24,0,125322.22,86724.19,0,327330.79,0,0,0,55252.93,0,0,52559.76,75797.31,0,0,138839.8,0,0,0,0,0,0,0,0,0,0,0,0,0,177265.93,114130.71,0,127092.19,136028.6,0,91830.12,215204.23,329169.25,0,0,0,69650.83,0,0,0,0,0,0,0,0,0,0,0,204821.19,356369.25,59923.08,0,195963.58,277404.11,47370.88,0,206460.96,117344.96,0,176188.77,0,0,0,0,0,0,0,0,0,0,0,89723.68,0,0,0,0,0,0,0,174702.25,76991.36,118157.57,0,374363.15,434949.46,229828.15,0,46630.98,0,0,0,0,0,0,0,0,0,0,0,0,0,83092.62,0,51481.36,153189.36,0,108772.5,135502.31,356900.09,146851.17,0,0,0,0,183738.81,0,0,173752.37,46997.18,0,142750.06,0,0,0,0,0,100696.09,0,111576.79,0,0,0,0,117738.48,0,98057.89,158557.04,0,0,0,0,0,0,162038.79,0,0,0,0,0,31669.93,86837.73,139725.7,246503.83,0,0,0,51793.45,16046,0,147335.24,98102.58,0,0,237044.71,140847.05,0,443,0,0,0,216088.54,0,0,0,0,0,0,0,0,0,0,0,0,0,0,0,23892.89,0,0,0,0,0,137743.76,67759.6,0,0,0,57929.24,76593.25,130960.03,0,185068,0,151170.2,0,0,145151.84,0,0,0,304184.38,0,0,0,136704.28,0,0,0,89342.71,454018.59,137741.77,0,0,0,0,160745.46,0,260550.6,0,0,0,0,171754.36,0,96700.25,206515.98,0,0,179467.93,0,47804.42,131860.38,90506.91,0,0,0,0,172823.94,0,188323.55,0,35669.36,170644.82,0,0,0,0,0,0,0,0,75537.22,0,0,0,0,0,0,0,0,0,0,0,0,0,0,0,0,0,59304.06,0,0,0,0,185308.37,0,0,0,0,0,0,0,0,0,120749.62,0,119119.83,0,0,39665.35,90453.43,45795.03,0,0,0,556418.01,0,55462.4,0,76551.02,175404.67,70840.16,0,107743.24,0,0,0,0,0,0,0,0,0,109147.24,102227.24,0,87248.45,0,0,0,0,313439.04,0,0,146225.73,0,0,38208.98,83823.31,134823.12,71278.93,0,0,0,0,0,46499.82,236141.38,0,0,0,152912.12,0,0,164476.09,184335.98,168761.49,532915.94,72541.59,140531.01,0,0,0,0,270314.84,71633.42,0,362628.43,0,0,84240.92,0,114620.95,0,0,0,243596.71,0,274255.1,245060.1,0,0,0,0,96865.47,151774.64,474094.95,117399.44,61424.22,0,39281,0,0,0,0,136210.97,0,0,0,123407.88,0,206909.53,590382.36,0,0,0,0,0,0,0,115707.85,0,0,0,296512.71,0,216048.3,0,0,0,82730.28,77400.61,0,0,0,158449.76,0,0,23050343.44
1617290.87,291702.04,0,271788.17,205985.46,0,592263.73,0,0,0,96331.87,0,0,149272.48,182205.11,0,0,252160.83,0,0,0,0,0,0,0,0,0,0,0,0,0,339215.07,509113.4,0,200253.92,236969.24,0,210144.8,427104.52,862189.01,0,0,0,158994.98,0,0,0,0,0,0,0,0,0,0,0,402345.21,540797.37,115444.51,0,382998.91,557074.56,101973.53,0,364121.4,386899.21,0,296772.67,0,108075.65,0,0,0,0,0,0,0,0,0,152059.87,19514.02,0,0,0,0,0,0,398971.93,129208.9,184607.13,0,701570.37,855797.19,371629.97,0,155039.92,0,0,0,0,0,0,0,0,0,0,0,0,0,131657.26,0,260630.76,346601.26,0,256935.88,247416.4,560891.17,337052.9,0,0,0,0,300237.93,0,0,318108.09,159502.9,0,309908.34,0,0,0,0,0,179343.55,0,203745.14,0,0,0,0,216081.88,0,120456.82,283533.28,0,74586.5,0,0,0,0,247353.37,0,0,0,0,0,107793,165681.24,493149.26,560404.12,0,0,0,115689.47,97583.82,0,282225.91,185123.88,0,0,547834.94,302224.88,0,15218.67,0,0,0,418526.01,0,0,0,0,0,0,0,0,0,0,0,0,0,0,0,44638.71,0,0,0,0,0,217780.79,146486.14,0,0,0,159395.38,132410.3,720277.29,0,465156.9,0,406586.5,0,0,292666.52,25798.9,0,0,464405.29,0,0,0,239659.6,0,0,0,303082.79,813977.44,286186.04,0,0,23614.35,0,301932.09,0,526403.59,0,0,0,0,278708.67,0,181764.36,290020.85,0,0,323001.02,0,110555.78,254814.37,195997.25,0,0,0,0,331050.45,0,617763.83,0,86646.54,344449.42,0,0,0,0,0,0,0,0,155579.18,0,0,0,0,0,0,0,0,0,0,0,0,0,0,0,0,0,117842.25,0,0,0,0,300659.75,0,0,0,0,0,0,0,0,0,337647.32,0,259545.11,0,0,263704.21,216265.59,117840.99,1101881.04,0,17971.82,1859084.39,0,152684.74,0,146388.9,386612.56,149300.67,0,276849.43,0,0,0,0,0,0,0,0,0,302801.78,199548.14,0,220265.55,0,0,0,0,603961.41,0,0,330480.28,0,0,67329.63,186006.4,290029.04,126605.12,0,0,0,0,0,114504.59,468931.78,0,0,0,361684.26,0,0,385118.24,377100.69,373184.86,744077.85,234912.33,255637.92,0,0,0,0,512480.55,187159.37,0,577600.29,232048.13,0,190293.31,0,456754.5,0,0,0,474286.44,0,463422.9,586434.34,0,0,0,0,237279.24,512066.58,931631.02,245192.92,133672.44,0,71491.46,0,22333.04,0,239455.91,244747.89,0,0,0,249859.82,0,372406.04,1330059.86,0,0,0,0,0,0,0,179528.61,0,0,0,580414.34,0,484620.16,0,0,0,139644.06,176287.22,0,0,0,262083.07,0,0,50853908.94
2389898.69,439842.95,0,460200.52,284043.61,220361.83,823931.8,0,0,0,186839.27,0,0,236083.31,474413.34,0,0,422173.81,0,0,0,0,0,0,0,0,0,0,0,0,0,519957.75,743972.42,0,312276.18,382556.82,0,508246.62,622213.98,1348732.99,0,0,0,337569.17,0,0,0,0,0,0,0,0,0,0,1484227.53,559895,695891.41,181292.94,0,556466.34,1036723.86,187268.27,0,482028.66,677094.89,0,498029.22,0,651257.06,0,0,0,0,0,0,0,0,0,241156.25,553369.22,0,0,0,0,0,0,749602.42,286792.96,358219.57,0,1160150.49,1390997.56,553424.45,177030.81,336323.42,0,0,0,0,0,0,0,0,0,0,0,0,0,237134.75,0,486562.31,467908.14,0,510361.5,349835.76,1188244.82,634629.1,0,0,0,0,467292.76,0,0,556320.03,211926.98,0,493186.01,0,0,0,0,0,344427.3,0,321632.3,0,0,0,0,456713.25,0,181344.73,572994.08,0,1208927.95,0,0,0,0,684572.38,0,0,0,0,0,229703.94,258043.02,1467590.95,885057.28,0,0,0,160716.88,135797.14,0,368660.68,342415.21,105566.93,0,913896.68,483830,0,1246083.44,0,0,262042.12,664087.63,19039.9,0,0,0,0,0,0,0,0,0,0,0,0,0,0,85749.08,0,0,0,0,0,276354.59,194096.67,0,0,0,199857.85,156054.29,861851.63,0,539563.55,0,594653.27,0,0,482262.04,272847.47,0,0,701257.53,0,0,0,422384.66,0,0,0,449567.8,1048557.29,395910.87,0,0,696367.76,0,491462.26,0,915780.47,0,0,0,0,764180.3,0,533858.15,438429.15,0,0,605551.54,0,164450.36,507017.81,334093.09,0,0,0,0,550487.79,0,824783.29,0,276210,534292.1,0,404445.59,0,0,0,0,0,0,250018.12,0,0,0,0,0,0,0,0,0,0,0,0,0,0,0,0,0,205917.74,0,0,31005.28,0,415494,0,0,0,0,0,0,0,0,0,655804.36,0,429754.68,0,0,483882.13,375680.67,254656.54,1278005.16,0,453859.31,2627091.01,0,201482.28,0,201387.52,417655.24,243736.98,0,646148.81,0,0,0,0,0,0,0,0,0,599627.87,319532.34,0,460862.68,0,0,0,67146.2,1120165.42,0,0,498581.77,0,0,207595.85,375030.7,501022.48,282275.96,0,0,0,0,192447.38,195759.71,693386.97,0,0,0,727304.91,0,0,561113.47,587379.99,561419.96,1148955.9,384388.17,1222989.38,0,0,0,0,724436.75,279025.85,0,758605.69,1067260.02,0,288987.1,0,748180.3,0,0,0,833195.62,0,608330.77,839501.02,0,0,0,0,671417.1,715909.82,1395067.03,471515.33,333796.02,0,113256.62,0,190450.46,0,515078.89,623222.11,0,0,0,437040.85,0,701031,2257714.91,0,0,0,0,0,0,0,315691.04,0,0,0,804962.44,0,697967.86,0,0,0,247385.53,307785.18,0,0,0,416220.45,0,124796.77,92535881.06
3213536.55,736711.29,0,2056919.22,688870.42,1786992.59,1414804.55,0,0,0,325930.49,0,0,442237.21,2911886.23,0,0,845011.38,0,0,0,0,0,0,0,0,0,0,0,0,0,712281.63,1256607.54,0,734232.61,709692.11,0,737064.3,903406.22,2919355.22,0,0,0,1325042.62,0,0,0,0,0,0,0,0,0,0,3532698.78,1172946.82,1192623.9,325249.2,0,1150439.41,1622516.6,741825.13,0,776457.46,950635.61,0,1456460.5,0,1280760.01,0,0,0,0,0,0,0,0,0,593495.25,1325284.64,0,0,0,0,0,0,1808080.41,458363.83,969228.63,0,2054576.72,4345558.89,1008112.95,909260.91,1819265.87,0,0,0,0,0,0,0,0,0,0,0,0,0,613600.66,0,789781.22,1031917.14,0,1542346.77,873389.48,1865507.8,1242892.07,0,0,0,0,920972.79,0,0,1607721.48,375545.66,0,898878.62,0,0,0,0,0,1627659.41,0,649434.42,0,0,0,0,1585541.45,0,295922.9,1346248.76,0,2562571.32,0,0,0,0,2708864.76,0,0,0,0,0,1064306.82,969474.43,1810301.74,1575416.03,0,0,0,2769950.88,1687634.94,0,964062.6,1052641.15,1257627.75,0,1811174.15,796764.84,0,1928277.22,234560.86,0,1828700.25,1021990.24,1252461.37,0,0,0,0,0,0,0,0,0,0,0,0,0,0,273602.59,0,0,0,0,0,756984.24,1058506.42,0,0,0,828856.96,319958.28,2568147.35,0,1527592.65,0,1565892.46,0,0,1484968.79,2744930.66,0,0,3566123.21,0,0,0,838992,0,0,0,2634630.05,2597315.21,1285601.94,0,0,1143201.89,0,897192.36,0,1587884.54,0,0,0,0,915302.87,0,852653.7,688822.79,0,0,1164512.08,0,341036.5,1838842.16,623815.41,0,0,0,0,1206619.68,0,1520183.19,0,1076924.57,1726636.65,0,1419701.71,0,0,0,0,0,0,1605845.64,0,0,0,0,0,0,0,0,0,0,0,0,0,0,0,0,0,645799.46,0,0,2220962.33,0,875089.42,0,0,0,0,0,0,0,0,0,1714047.72,0,1425139.08,0,0,1276579.12,1058005.5,436924.16,1458062.62,0,1196193.41,5345278.99,0,1171993.49,0,644451.46,1116847.4,1081689.18,0,1646859.62,0,0,0,0,0,0,0,0,0,1775400.41,621735.75,0,2073254.35,0,0,0,442426.67,2310347.6,0,0,979180.08,0,0,1287313.53,1266826.12,765838.38,495294.25,0,0,0,0,717173.59,511966.42,1440112.68,0,0,0,1558278.97,0,0,834737.62,1728344.28,951808.44,1452983.59,789267.6,2735135.77,0,0,0,0,1052077.55,391243.17,0,1069349.85,2366151.38,0,644826.72,0,1021110.78,0,0,0,1569820.29,0,1053854.68,1629830.98,0,0,0,0,939253.83,1005719.74,1934771.85,1757229.78,610959.94,0,325774.74,0,409631.49,0,952694.43,2053380.05,0,0,0,942032.14,0,1996998.61,3823912.32,0,0,0,0,0,0,0,682936.47,0,0,0,2852519.12,0,2367724.91,0,0,0,567714.05,635893.56,0,0,0,2330541.82,0,1543875.14,227023022.7
147586.83,162971.32,333.62,117906.82,63422.67,0,254614.41,0,74.23,0,0,0,12385.81,141320.4,0,0,6804.47,111756.67,0,0,0,0,0,0,0,0,0,0,0,0,0,0,115560.42,0,47471.66,168952.58,0,98594.79,181487.73,249436.94,0,0,0,83972.23,0,0,0,0,0,0,0,0,0,0,525773.94,197443.92,254014.96,77531.18,0,196889.2,175255.9,67921.32,0,76927.77,159263.38,0,75922.08,0,125796.53,0,0,0,0,0,0,0,0,23981.87,28232.12,95815.37,0,0,0,0,0,0,0,64638.6,90508.42,0,47849.53,261740.81,217183.55,130953.03,101586.73,0,0,0,0,0,0,154960.69,0,0,0,0,0,0,136817.85,0,62256.66,80757.58,0,101095.02,123825.3,486297.41,186574.11,0,0,0,0,119014.97,0,0,162045.52,0,0,642.1,0,0,0,0,0,64413.08,0,130216.48,0,0,26290.49,0,92554.66,0,64426.85,126294.44,11311.44,349225.9,0,0,0,0,266067.69,0,0,0,0,0,0,0,166151.66,370120.08,0,0,2167.95,26513.54,167202.33,0,19437.07,114402.18,55320.2,0,135461.49,143626.86,0,258172.11,0,0,298671.38,186059.58,93680.57,0,0,0,0,0,0,0,0,0,53451.45,0,0,0,0,32015.69,0,0,0,0,0,67662.77,145434.13,0,0,0,30290.39,0,184712.58,0,172568.5,11357.14,117482.65,0,0,141346.86,135350.09,0,0,223319.44,0,0,0,130324.3,0,0,0,140163.4,20239.25,148401.03,0,0,43328.7,0,205896.99,0,186342.63,0,0,0,0,72439.31,0,92985.3,200429.9,0,0,148398.85,0,41649.29,157168.48,73446.69,17409.45,1227.8,0,0,95313.22,0,218523.81,0,97700.57,171550.46,0,146066.4,0,0,0,0,0,0,0,0,0,0,0,0,0,0,0,0,0,0,0,0,0,0,0,0,0,21267.3,0,159575.02,0,156566.96,0,0,0,0,0,0,44162.81,0,0,151399.79,0,184609.41,9095.82,0,78459.99,111071.84,136255.06,31662.61,0,96778.32,533732.21,0,73527.15,0,125031.26,80723.71,0,0,193006.94,0,0,0,0,0,57338.98,0,0,0,145748.6,83931.72,0,108080.39,0,0,0,98678.56,234234.28,0,0,117926.31,0,0,0,103904,26157.55,4924.52,0,0,0,0,36170.06,69753.14,9058.89,0,0,0,174351.27,0,0,145380.45,161644.61,179080.38,291523.53,118753.39,343975.94,0,0,0,0,218340.81,89645.33,0,151185.85,295652.88,2550,83596.57,0,162241.64,0,0,0,0,0,115553.83,268162.27,0,0,0,0,132837.11,171411.28,470998.33,137460.86,106297.28,0,23714.92,0,77290.12,0,154533.41,53130.24,0,0,0,82759.98,0,173870.29,1089122.09,0,0,0,0,0,0,0,50887.34,0,0,0,264123.97,0,193426.51,0,0,0,70892.02,72906.48,0,0,0,125981.88,0,71769.87,23073842.5
297056.86,321046.2,118983.15,289990.16,185439.91,3036.73,532014.98,0,47876.47,75227.16,0,0,79132.2,396830.03,0,0,74488.06,268530.47,0,0,0,0,0,0,0,0,0,0,0,0,0,0,252887.34,0,176659.32,476253.14,0,195443.68,363301.31,342823.9,0,0,0,230257.14,0,0,0,0,0,0,0,0,0,0,833336.81,428096.47,458123.19,149038.18,0,401085.88,401199.21,153436.23,0,187755.86,297087.48,0,229036.57,0,283501.52,0,0,0,0,0,0,0,4407.75,207855.76,89195.76,212659.81,0,0,0,0,0,0,0,147048.76,137779.09,0,182670.44,523723.75,378673.91,307199.74,293655.5,0,0,0,7450.93,0,0,549692.01,0,55803.91,0,0,0,0,258490.57,0,123399.42,204949.35,0,253464.07,256027.5,929010.84,414000.64,0,0,0,0,258409.12,0,0,439277.68,0,0,161107.2,0,0,0,0,0,147476.77,507.26,258419.43,0,0,198476.89,0,151394.39,130945.81,106405.19,293889.05,44338.05,598155.6,0,0,0,0,363450.01,0,0,0,0,0,0,0,417445.25,762601.82,0,19685.01,58033.85,100697.98,242380.68,5900.99,111067.11,218964.41,139606.05,0,407082.47,333693.68,0,492796.96,0,1199.38,527572.74,481885.89,258348.22,0,0,0,0,0,0,0,0,0,222033.01,0,0,0,0,53679.37,0,0,0,0,0,163752.61,350971.79,0,0,0,106710.04,0,533613.15,0,391831.6,128811.91,255764.09,0,0,340759.12,280566.85,0,0,546615.83,0,0,0,293188.87,0,47534.36,0,282174.74,102386.36,344456.52,129545.66,0,154765.73,0,483732.75,0,374452.52,0,0,0,12761.74,212233.74,0,178120.4,261277.08,0,0,318878.09,0,98782.35,311925.4,193621.44,123661.57,24893.24,0,0,241259.33,0,468289.64,0,198681.65,337893.88,0,266212.23,0,0,0,190700.79,0,0,0,20793.15,0,0,0,0,0,12510.28,0,0,0,0,0,76718.19,0,0,0,0,0,21867.3,0,324382.66,0,262221.67,0,0,0,0,0,0,98046.88,0,0,442517.93,0,399962.43,56191.88,58559.16,262110.97,259100.86,228833.01,126287.74,0,191836.59,1985516.44,0,176697.57,0,280403.35,185395.02,65431.58,0,400802.05,0,0,0,0,0,76556.89,0,0,0,454536.97,196826.29,0,232649.99,0,0,0,298674.96,435249.86,97182.75,0,224322.93,0,0,0,1083811.42,67107.14,98629.26,11135.99,0,0,0,123927.96,178639.43,70523.59,57255.96,0,0,404013.97,47818.47,0,312819.78,545647.51,386105.87,504339.76,256327.05,708240.44,0,0,46783.47,0,423306.66,186961.64,0,416329.79,512522.6,101630.09,144163.93,0,371184.45,0,0,0,0,0,229915.33,610160.36,0,0,0,0,239535.01,460488.37,894480.14,306120.68,297548.88,0,59396.17,0,173465.66,0,248751.45,180144.27,0,166053.25,0,197304.02,34482.16,343020.21,2257645.73,0,0,0,0,0,0,0,340338.04,0,0,0,515182.66,0,432269.91,0,0,0,151951.22,250740.5,67828.67,66971.05,0,219877.92,0,155592.52,54754567.27
567248.38,812900.59,447636.89,524712.66,501216.83,188141,1230403.1,0,221302.99,639701.22,377720.6,0,243347.5,621188.96,441169.91,0,203281.81,487980.09,0,0,0,0,0,0,0,0,0,0,0,0,0,786517.81,493987.55,0,414541.81,1107148.91,0,369407.17,770909.83,572447.63,0,0,0,441981.69,0,0,0,0,0,0,0,0,0,0,1275442.36,751647.37,810954.5,478696.15,0,739268.27,792342.98,224811.45,0,439501.33,886586.87,0,382739.22,0,493894.53,0,0,0,0,0,0,0,155096.42,480955.52,140198.38,391953.89,0,0,0,0,0,0,0,322155.63,362817.74,0,351112.07,728904.8,645976.15,615716.95,529131.17,0,0,0,171751.68,0,0,1327800.81,0,183816.94,122100.4,0,0,0,372276.46,31393.51,225655.92,301940.35,75974.46,503389.26,522254.73,1310196.08,765450.68,0,0,0,0,558319.38,0,0,740679.7,50522.02,37574.12,852187.7,0,0,0,0,0,326152.82,217978.65,559460.3,0,0,576271.28,0,415575.4,533619.75,143778.63,484613.51,89412.49,1103011.67,0,0,0,0,818344.56,0,286355.42,0,0,0,14259.81,509473.16,1101224.16,1476839.57,0,285986.48,573744.75,434283,345319.48,186041.09,441224.16,429674.3,285379.43,0,733095.06,514049.92,0,739340.69,0,116758.28,731818.99,785201.49,399660.87,0,0,0,0,0,0,0,0,0,518223.56,0,0,0,0,79376.71,0,0,0,0,0,406234,545497.31,0,0,0,217636.8,182959.41,1074616.29,0,845304.17,373199.92,414175.91,0,0,605549.24,587098.29,0,0,1741761.46,0,51430.22,0,463263.49,0,163082.99,0,573708.57,368448.33,609198.57,665391.86,0,309831.76,196927.97,966920.21,0,726389.59,0,0,0,142184.12,383559.99,0,288826.32,737566.79,0,0,480281.31,298257.6,193748.94,577216.23,384547.61,401489.58,147571.54,0,0,539082.45,0,941297.55,182672.95,377321.59,501212.28,0,668443.11,0,0,0,477930.27,0,0,0,241441.78,0,0,0,0,0,124461.96,0,0,0,0,0,463396.13,0,138881.97,0,0,0,129419.64,95335.97,541766.07,0,504856.41,0,0,0,0,0,50287,264311.19,0,0,684132.19,0,589394.61,283030.15,721229.72,498529.13,488020.95,361191.94,152245.96,158140.56,307240.79,3733162.88,0,212318.75,0,403487.42,240559.98,137383.57,0,674812.74,0,0,0,0,221581.15,340747.64,0,0,0,878448.51,392539.67,0,528091.18,0,443499.39,0,514240.95,902129.46,521486.8,261855.61,426929.07,0,0,574396.23,2364132.73,508600.9,644143.18,146052.98,0,0,285455.6,207973.34,348078.66,294891.75,224570.18,0,433021.74,628427.31,838783.87,0,555899.1,1539984.94,878537.86,1140303.73,493884.1,1154112.16,0,0,1200430.99,0,770749.05,312431.95,0,909787.1,760313.15,586906.51,259204.31,0,647749.77,107912.94,0,0,0,0,471138.24,1166175.97,0,0,0,0,673269.81,1000212.21,1528491.93,525220,681704.08,0,118051.06,0,351286.21,0,454344.79,399540.88,0,1410087.25,0,343881.72,554928.59,548960.92,3578013.14,0,105728.83,0,0,0,0,0,565850.73,0,0,0,760577.22,0,827767.29,0,0,0,236068.05,457199.58,309874.82,217830.6,700719.3,462047.49,0,231521.77,123813286.4
887310.33,1101701,1240275.64,979490.74,969814.03,910790.4,1634114.19,0,1249966.21,1774143,641115.26,0,1172286.68,1029036.85,2645463.16,0,1721363.62,774230.95,0,0,0,0,0,0,0,0,0,0,0,0,0,1210088.28,863128.49,0,994286.53,1693570.59,0,811193.84,1334201.08,1391075.52,0,0,0,1974501.49,0,0,0,0,0,0,0,0,0,0,1703386.7,1661978.1,1148216.29,769415.39,0,1540252.72,2486843.85,382318.61,0,1098848.75,1232154.36,0,1104328.25,0,758724.29,0,0,0,0,0,0,0,1207831.54,2407602.45,230382.68,655958.12,0,0,0,0,0,0,0,556852.61,965474.94,0,1156468.58,1224895.05,1055865.11,1027998.78,1013780.39,0,0,0,1290928.8,0,0,6519713.09,0,1266664.42,1884653.91,0,0,0,669113.37,506953.89,917485.78,1334101.34,1756774.9,915411.41,759470.02,1979581.06,953037.52,0,0,0,0,770529.21,0,0,1257904.23,323801.01,1024630.75,1309823.61,0,0,0,0,0,806642.44,771292.68,854315.9,0,0,1827191.99,0,1236454.18,1649532.59,270406.89,1133359.72,1117730.53,1412047.81,0,0,0,0,1251223.32,0,624902.84,0,0,0,596782.73,799656.26,1255406.86,2654178.1,0,1079951.66,1950158.91,1252546.71,1271364.27,1946870.53,2142256.32,859805.36,983561.37,0,1600178.54,1098006.75,0,1007473.53,0,1421466.11,1271949.79,1287262.91,738170.53,0,0,0,0,0,0,0,0,0,2383183.91,0,0,0,0,387788.9,0,0,0,0,0,846119.38,870514.1,0,0,0,658952.16,1093007.4,2148414.58,0,2083790.2,1647378.98,861380.99,0,0,1404779.03,2575921.6,0,0,11666973.44,0,630727.85,0,825667.58,0,1456175.72,0,1071725.74,1272603.67,2071160.3,1617120.09,0,688958.64,1058475.79,1400364.06,0,1002397.3,0,0,0,908108.3,577215.3,0,575300.88,925990.64,0,0,997492.01,2094846.76,513943.39,1965742.63,972219.88,1558944.46,1249004.97,0,0,1104387.76,0,1430663.82,1618072.69,676771.25,911354.78,0,1197141.46,0,0,0,2417905.4,0,0,0,1409242.19,0,0,0,0,0,1249138.91,0,0,0,0,0,2129637.43,0,1734218.64,0,0,0,1265197.95,759776.6,1019164.89,0,955292,0,0,0,0,0,378494.83,2039473.61,0,0,2799961.73,0,1217065.9,2739088.17,2403263.49,981058.29,784265.08,580466.29,440334.65,668669.61,616313.48,9876910.77,0,808865.65,0,1023450.73,657762.09,1156646.91,0,1657952.55,0,0,0,0,705071.02,1291165.44,0,0,0,2553936.42,828984.36,0,1493261.89,0,1306959.87,0,974429.4,2063891.92,2986713.16,2062733.26,805206.21,0,0,1136730,4765082.96,903942.95,867204.51,1510413.93,0,0,2284547.93,346588.62,635487.7,1378924.26,957680.19,0,2328657.7,1054615.97,2865001.97,0,877586.99,2137670.17,1153195.9,1388017.3,792833.49,1630754.38,0,0,3389497.38,0,974051.83,569845.82,0,1248307.77,1311977.06,1822565.56,463728.19,0,1031170.37,562849.26,0,0,0,0,712429.7,1932338.67,0,0,0,0,776141.98,1804771.18,2255364.08,771544.01,945192.5,0,302771.01,0,540645.58,0,971826.81,1305502.56,0,4601652.98,0,723503.72,2542275.63,867838.3,5407656.22,0,1029522.48,0,0,0,0,0,1089270.77,0,0,0,2770292.59,0,1781673.28,0,0,0,471683.78,720044.8,1918210.74,1307779.69,1705723.79,996568.28,0,754270.21,321243630.6
90312.67,118226.35,147454.4,174037.15,151253.74,34883.35,428053.36,0,195892.94,332199.54,46203.08,0,0,0,0,122472.69,16544.36,120991.47,0,54073.79,0,0,150894.44,0,0,0,0,0,0,0,0,0,0,0,0,60876.01,719716.62,0,246739.5,0,0,0,0,0,0,87048.3,0,0,0,0,0,0,0,193498.6,240497.28,0,0,113649.39,0,0,163898.26,0,0,52361.81,177670.06,0,147426.96,0,0,0,0,0,0,0,0,0,113466.6,282658.37,71989.25,588063.25,0,0,0,0,0,0,0,60574.71,52550.24,73041.04,70583.69,123840.31,0,115801.87,908952.56,185235.82,0,0,120380.33,0,0,0,0,0,0,0,0,7181.65,147719.54,0,0,98062.24,70825.3,0,186746.23,348127.19,212432.93,0,0,214687.84,0,221716.37,0,0,439700.76,90821.48,172849.86,0,0,0,0,0,123519.96,161196.55,131131.46,98991.5,0,0,0,0,0,233568.13,354226.83,182653.5,0,245798.38,0,0,0,0,328158.6,0,0,0,0,0,105019.78,114248.65,0,26584.68,0,75587.91,80715.76,27285.6,122420.41,73400.08,115906.69,195934.8,135661.57,0,0,126755.32,21569.6,210415.72,0,202400.1,330451.33,189172.47,157438.78,0,0,0,0,0,0,0,0,0,114212.28,0,0,0,0,0,0,0,0,0,130847.62,93371.76,0,0,0,0,95826.37,190840.35,490814.3,0,253837.35,214455.44,156217.27,0,0,164832.09,205320.78,0,0,6192392.03,0,0,0,16775.08,71044.09,229095.33,0,307498.9,90292.89,188447.68,154970.22,0,101569.32,177575.04,169906.47,0,256944.8,0,0,0,213027.16,270385.46,0,115674.22,99593.51,0,0,0,0,64388.26,158687.77,127305.56,0,0,0,0,109526.64,0,293800.22,163254.42,50237.38,162207.83,0,112407.63,0,0,0,70535.19,0,0,40378.34,275281.1,0,0,0,0,0,0,0,0,0,0,0,85459.85,197462.68,0,0,86211.78,180519.76,0,0,0,0,0,0,0,0,0,0,0,59070.49,147895.7,0,256121.36,0,0,207601.11,82575.58,3417.54,0,140157.68,108075.2,154387.34,57250.94,2865586.08,0,0,0,303561.86,100459.6,74668.03,0,224570.35,0,0,0,0,57097.03,162561.98,27253.84,0,0,177373.54,199633.27,0,134783.86,0,70125.64,0,215247.37,229307.98,189463.14,224146.38,159580.94,0,0,0,246914.28,69810.88,60094.02,169971.78,0,0,166766.16,87086.32,166622.46,43726.24,67159,0,933685.97,191510.34,182798.19,0,138025.19,203261.01,263779.15,303557.75,197326.97,0,0,0,165502.05,0,227351.55,81234.26,0,273653.43,164501.49,0,44088.27,588573.02,191036.67,116794.57,0,0,175737.34,0,136190.9,209440.56,0,0,0,0,151156.04,204079.81,454253.13,193621.52,198906.19,0,25221.07,0,149154.44,0,113851.93,90196.69,0,339460.39,0,147473.38,146410.5,207980.16,1587739.07,0,107785.8,0,0,0,0,127362.96,135718.38,0,0,0,224643.56,0,480009.73,0,0,0,77454.51,103413.8,148650.74,114527.71,180691.31,165605.67,0,35625.2,44887699.27
182756,330974.47,244254.13,348407.19,311797.49,78166.55,790603.61,0,313814.76,523696.51,0,62108.77,0,0,0,317520.32,0,258095.97,0,0,0,0,279773.82,0,0,0,0,0,0,0,0,0,0,0,27653.17,0,0,0,510025.94,0,0,0,0,0,0,0,0,0,0,0,0,0,0,0,480949.15,0,0,256882.11,0,0,348924.38,0,0,0,315043.16,0,366246.44,0,0,0,0,0,0,0,0,0,336544.94,511902.66,138855.91,744206.32,0,0,0,0,0,0,0,152560.72,0,0,0,0,0,0,0,553400.14,0,0,230544.59,0,0,0,0,0,0,0,0,0,204173.69,0,0,391455.75,0,0,292694.44,644060.09,411752.06,0,0,0,0,379016.04,0,0,668842.71,131535.31,372864.39,74869.81,0,0,0,0,370262.22,468749.42,221886.12,406568.67,0,0,0,0,0,572524.37,840105.15,461594.5,0,456484.35,0,0,0,0,892326.66,0,0,0,0,162805.23,240284.05,265694,123550.74,136267.6,0,161061.4,207428.21,117356.19,236337.5,153209.27,259284.91,351945.13,250234.44,0,0,433201.78,92066.48,426381.01,0,0,541942.19,517668.96,284735.81,0,0,0,0,0,0,0,0,0,339900.1,0,0,0,0,0,0,0,0,0,358016.62,164621.3,0,0,0,0,227603.38,336999.93,938722.25,0,469722.71,358014.42,319327.71,0,0,319270.15,472029.78,0,0,15139721.81,0,0,0,357261.31,132564.34,311454.54,0,704663.16,169016.98,490378.15,323438.52,0,239393.91,253904.02,295951.01,0,417558.52,42848.07,0,359521.39,388303.91,552112.9,0,206441.9,180822.08,0,22043.8,0,17733.81,103491.25,368732.39,262820.56,0,0,0,0,261227.67,0,512939.68,324021.14,119513.19,359949.5,0,201588.08,0,0,0,220000.01,0,0,792519.09,0,0,0,0,0,0,0,0,0,0,0,0,0,0,0,0,0,0,0,0,0,0,0,0,0,0,0,0,0,136821.81,0,0,556543.43,0,0,428392.65,256704.78,68885.56,0,271080.74,297527.64,254136.71,0,7222038.68,0,52736.71,99909.06,432245.95,167721.04,223318.21,0,472898.25,0,0,0,0,137723.35,373283.38,83819.72,0,0,391934.82,346008.1,0,278217.35,0,257458.93,0,538990.59,596103.4,366562.69,370090.81,347697.33,0,0,0,402361.75,160438.03,163374.59,296630.12,0,29263.22,376447.94,232144.97,425948.76,145103.76,128439.36,0,1388317.45,510670.87,347271.2,0,308793.35,459414.98,466534.25,616744.92,367486.37,106848.95,0,0,389708.57,0,472925.47,156007.12,0,501778.97,450246.46,0,149736.71,2394138.34,411375,298637.74,0,0,363152.08,0,305150,467011.85,0,0,0,0,240989.91,525174.76,914773.71,342235.75,351547.46,0,83654.88,4040.26,427166.82,0,210261.78,181150.62,0,519287.93,0,281652.37,356782.88,363444.07,3031489.37,0,312923.57,0,0,0,0,271402.27,316431.76,0,0,0,426587.91,0,813358.19,0,0,0,149246.15,222688.12,315305.83,261661,285625.3,434314.44,0,117300.2,90756547.06
339075.35,1045016.17,487736.44,630672.16,688491.26,362595.58,2494976.63,0,475911.62,793212.77,245658.49,1071138.24,0,0,0,426006.78,495248.6,625850.75,0,227726.01,0,396334.92,601487.13,0,0,0,0,0,0,0,0,0,0,0,185663.86,913213.21,2867114.29,0,1124084.35,0,0,0,0,0,0,857254.39,0,0,0,0,0,0,0,2442152.1,767263.46,0,0,584029.41,0,0,735522.47,0,0,381995.41,610219.71,0,612313.9,0,0,0,0,0,226170.72,0,0,0,562746.59,812385.99,673958.65,1000153.81,0,0,0,0,0,0,0,335483.44,355484.44,287951.94,320566,396714.09,0,419418.09,1534230.03,1439619.98,0,158280.25,459743.03,0,0,0,0,0,0,0,0,130317.83,390588.56,0,93820.43,782995.13,340497.03,0,537099.43,1003589.39,828224.08,0,0,653710.92,0,738548.17,0,0,1005686.3,250164.86,575259.01,276979.62,0,0,0,0,1050885.37,1034135.56,392171.5,818615.1,0,0,0,0,11660.06,1001384.8,1359420.09,1548514.53,0,734689.59,0,0,0,0,1931055.48,0,0,0,0,417033.65,405816.34,466604.1,771443.02,729188.37,0,475833.61,383748.88,215915.42,368694.04,369320.95,385627.02,602725.81,577165.54,0,487458.71,751809.33,275683.82,682202.3,0,879122.73,805688.33,732190.64,396357.93,0,0,0,0,0,0,0,0,0,561481.68,0,0,0,0,0,0,0,0,0,662319,318856.03,74732.37,0,0,0,530795.8,519682.04,1506127.68,0,1906153.32,595120.17,461632.8,0,0,560319.8,750017.56,0,0,16840533.4,0,0,0,1173226.62,259458.67,446976.26,0,1542103.3,323542.53,779657.51,968598.46,0,452683.42,562322.2,489002.39,0,737314.43,460352.08,0,1023850.22,809735.67,1149517.04,0,400494.45,437131.21,0,557416.01,2238926.15,319174.36,198819.92,904504.03,436520.67,0,0,0,0,456837.21,0,716895.43,532779.04,228018.91,645923.26,0,707795.72,0,0,0,397208.1,0,0,869304.64,663138.49,0,0,0,0,0,0,0,0,0,0,0,268113.8,625594.14,0,0,401491.55,648263.05,0,0,0,195129.01,0,0,0,0,0,0,0,225689.57,535814.37,0,1272809.52,0,0,976550.72,602114.94,357260.29,0,488832.78,466335.64,548887.92,340052.48,15882375.39,0,293890.48,717610.47,905843.4,356469.6,303063.27,0,757322.67,0,0,0,0,288964.01,653248.71,273546.18,0,0,706827.83,599301.17,0,1278350.45,0,459896.33,233152.71,807789.29,931552.11,620067.1,609605.47,703924.89,0,0,0,740589.39,311128.99,263764.38,405093.82,0,674185.51,677354.1,365493.75,581440.22,452247.59,261386.76,0,1850536.87,954242.68,535366.59,0,468398.96,878479.34,898290.64,976811.06,601344.32,466344.39,0,0,1181046.45,0,973684.44,276552.58,0,1256333.42,876492.29,0,616500.83,5440796.54,714249.05,802120.95,0,0,736433.38,0,498282.54,842686.48,0,0,0,90637.2,407757.17,1785920.58,1661211.43,529920.23,657154.77,0,202928.02,157371.74,621942.83,0,350419.19,412081.92,0,793287.92,0,635559.06,734126.78,969526.69,5126727.16,0,615891.9,0,0,0,0,489931.15,792260.23,0,0,0,666478.51,0,1851281.63,0,0,0,327322.96,440703.54,687132.54,527050.8,538662.34,746692.62,0,246414.96,193297331.4
665974.39,1263168.28,862502.48,982102.34,1141724.52,455514.82,2904500.84,0,1274636.11,1659463.02,602443,2094866.54,0,0,0,1126649.26,1196743.99,1969383.28,0,399105.03,0,775941.69,2647697.84,0,0,0,0,0,0,0,0,0,0,0,1181112.9,1087798.59,4027747.81,0,1769400.41,0,0,0,0,0,0,1706171.25,0,0,0,0,0,0,0,4517754.11,1125498.34,0,0,847022.87,0,0,1431706.01,0,0,582122.28,1115221.66,0,993680.5,0,0,0,0,0,583981.44,0,0,0,2225170.66,1873982.8,824502.31,3844986.68,0,0,0,0,0,0,0,684274.71,1498872.06,560894,919050.25,1047105.4,0,693608.21,3561677.07,2184450.42,0,946371.36,1722317.48,0,0,0,0,0,0,0,0,611549.37,721657.11,0,1132141.88,2473672.27,900121.53,0,1208213.63,1295800.79,1140885.35,0,0,1126844.4,0,1055937.98,0,0,1779245.68,426844.12,817934.63,674338.52,0,0,0,0,3886262.09,3815764.55,619719.06,1192871.28,0,0,0,0,1383023.66,1350126.39,2384832.07,1972829.81,0,2170938.49,0,0,0,0,3406887.17,0,0,0,0,0,801826.38,942938.74,1265518.73,1135528.89,0,1389537.18,1823459.34,370529.59,1492090.28,665713.93,787675.06,1466340.54,1027866.31,0,966562.38,1322648.03,2211676.11,1198851.91,0,4867555.13,1319610.19,1157954.63,653527.92,0,0,0,0,0,0,0,0,0,1465785.54,0,0,0,0,0,0,0,0,0,2171929.55,801503.32,585301.98,0,0,0,977482.82,1293710.96,3299097.53,0,4724797.57,1309734.62,1726143.81,0,0,1957355.51,2567483.39,0,0,25580916.25,0,0,0,2498550.51,1383737.11,1404887.77,0,7364373.5,639660.24,1438836.25,1435627.81,0,672631.02,710074.02,2021595.6,0,1187054.92,1098849.79,0,1680724.26,1190907.49,1491942.38,0,721824.4,639486.84,0,1543063.81,3321263.74,1291733.07,381321.91,2033246.3,705515.2,0,0,0,0,1184498.09,0,1336918.44,1999879.25,622377.75,1110176.9,0,1334015.1,0,0,0,1121521.36,0,0,1130881.55,2346654.27,0,0,0,0,0,0,0,0,0,0,0,2203688.97,1201207.15,0,0,1089031.5,2026454.26,0,0,0,1420829.91,0,0,0,0,0,0,0,737763.86,1099374.82,0,2505566.95,0,672203.96,2541560.71,3381616.9,910490.03,0,839919.17,1284548.04,2052250.45,1347805.92,21197801.38,0,764958.97,1709208.45,1665973.74,773950.43,815395.51,0,2395607.96,0,0,0,0,820221.99,1335284.52,2015329.53,0,0,1511724.42,1208910.52,0,2649101.97,0,1139317.64,529610.17,1262547.04,2108953.16,1652798.44,2586003.8,1483252.4,0,0,0,1030535.94,598246.51,533277.97,763829.67,0,1367012.5,2688179.83,575316.38,1098785.24,1421672.21,1266553.7,0,3227137.88,1408632.56,911702.99,0,759161.55,1325667.29,1206227.65,1369512.32,870521.11,1314706.28,0,0,1441344.75,0,1319609.09,480982.47,0,1705680.88,1314947.02,0,742252.43,8037357.54,990101.27,1197900.08,0,0,972691.45,0,757982.69,1716842.95,0,0,0,368711.87,624336.88,2583174.15,2152615.75,846830.82,1268522.45,0,403467.05,499660.12,830114.5,0,764995.04,1020032.15,0,2604370.2,0,1240932.22,1980843.02,1888067.43,7485667.43,0,1320305.58,0,0,0,0,1623136.4,1453308.11,0,0,0,1597769.57,0,6651220.68,0,0,0,626187.32,672364.83,2601113.23,2165772.76,1336707.03,3001166.53,0,631025.66,397096881.2
116351.67,1837.02,130217.83,168640.98,169241.67,36313.48,0,0,146311.26,0,57035.06,0,0,13254.38,0,78881.26,102234.42,241071.25,0,51305.06,0,117173.01,117688.36,0,0,0,0,0,0,0,0,0,0,0,150064.5,230203.17,1168088.09,0,0,0,0,0,0,0,0,0,0,0,0,0,0,0,0,769004.3,270344.16,0,0,206573.82,0,0,0,0,0,110464.47,380639.39,0,154232.99,0,0,0,0,0,70070.64,0,0,0,107495.09,0,84364.11,238216.66,0,0,0,0,0,0,0,85345.98,163090.99,70359.62,105410.45,0,0,161808.38,450779.37,129823.42,0,0,0,0,0,0,0,0,0,0,0,72769.78,130234.09,0,83486.56,121728.51,120047.16,0,34788.64,15006.44,35016.74,38709.23,0,181499.84,0,279315.58,0,0,370665.61,105107.3,144359.2,94518.3,0,0,4859.57,0,0,261761.57,64443.8,124693.19,0,39659.32,0,0,172940.85,236623.24,414662.02,197966.95,0,266963.58,0,0,0,0,895835.09,0,0,0,0,0,138792.72,128170.24,136698.04,187270.49,0,83132.56,160156.95,113521.45,148047.84,126256.08,175101.18,231721.19,226612.88,0,174857.43,381034.57,185955.26,376323.24,0,347312.41,202353.56,0,0,0,0,0,0,0,0,0,0,0,119186.99,0,0,0,0,0,0,0,0,0,196517.07,97858.24,0,0,0,0,135251.51,257194.88,0,0,291129.21,120168.23,0,0,0,200125.47,250827.61,0,0,20400.08,0,0,0,190158.71,63271.08,110214.11,0,638213.5,143817,684302.4,203850.78,0,142965.37,64966.21,0,0,135057.24,48586.26,0,242528.49,205350.12,119958.97,0,95305.94,37995.26,30403.03,240728.59,206250.39,72473.64,56028.87,0,105900.55,0,0,0,0,138589.04,0,166340.39,0,55616.54,169085.59,0,165863.09,0,0,0,139412.01,0,0,72184.68,174330.86,0,0,0,0,0,0,0,0,0,0,0,36923.66,162971.25,0,0,83281.55,255280.12,0,0,0,114545.01,0,0,0,0,0,0,0,124704.19,131200.91,0,375425.81,0,143299.61,242105.49,140303.58,170058.27,0,152041.21,56983.36,158373.54,87358.58,4350619.56,0,25748.29,152163.56,159711.29,132422.21,0,0,485102.95,0,0,0,0,72431.31,191513.6,125423.07,0,0,205877.72,242669.45,0,194930.05,0,105920.37,62530.6,209664.02,0,257928.14,237464.6,511764.56,0,0,1127402.45,119481.05,125631.21,115331.3,206295.7,0,181442.49,261040.26,125428.03,97715.41,99978.65,73695.14,0,113091.05,245725.7,118411.41,0,126179.84,256342.29,271113.44,232410.97,259303.9,91572.12,0,0,124917.58,0,325777.64,70573.37,0,285021.65,239524.18,15065,60081.37,318696.04,282578.55,121381.34,0,0,149915.64,0,185244.29,496224.57,0,0,0,0,0,400370.4,308245.96,134121.39,178366.96,0,41377.84,64103.62,189657.22,211252.77,78792.2,0,0,119341.53,0,175816.39,144578.12,242756.22,0,0,175076.69,0,0,0,0,165218.58,0,271205,0,0,127317.88,0,889947.28,0,0,0,73433.21,0,181311.77,81773.61,189972.68,1681.93,0,68972.56,42889351.49
236889.6,983582.56,280640.83,323575.55,414631.14,92258.28,6822.7,0,254254.1,39138.88,173688.5,62548.3,0,213349.8,0,136091.59,216832.9,617292.2,0,105323.09,0,243989.16,238074.76,0,0,0,0,0,0,0,0,0,0,0,399827.93,402245.9,1997742.81,0,0,0,0,0,0,0,0,0,0,0,0,0,0,0,0,1088016.91,573756.76,0,0,324611.96,0,0,199509.81,0,0,292503.34,896693.33,0,320925.73,0,0,0,0,0,115186.58,0,0,0,233648.1,0,116037.36,544703.44,0,0,0,0,0,0,0,163732.66,310169.92,103106.75,238403.41,328695.55,0,384002.02,650640.74,221021.61,0,0,0,0,0,0,0,0,0,89847.67,0,120621.68,264760.81,0,144817.3,169780.62,258331.55,0,319253.46,173192.79,189501.74,283834.33,0,362064.87,0,467601.25,0,0,670633.64,144501.81,352884.4,197250.94,0,0,49964.09,0,264344,500832.39,128274.52,570307.35,0,266941,0,97602.35,402431.6,486141.84,753008.57,572167.92,0,578053.56,0,0,0,0,1752056.44,0,0,0,0,0,440317.82,283437.34,329813.8,316343.12,0,178850.61,339515.77,218915.94,274828.85,275657.83,414193.84,527719.28,478667.49,0,269622.43,646822.39,451244.14,665322.95,0,0,481245.17,0,0,0,0,0,0,0,0,0,0,0,252770.91,0,0,0,0,0,0,0,0,71009.03,347488.47,291222.29,388355.1,0,0,0,454570.23,416397.16,0,0,625755.84,260528.79,0,0,0,506948.58,519819.2,0,0,290573.88,0,0,0,407275.41,226318.68,203311.83,0,1142860.56,346523.33,966568.96,344509.43,0,283349.99,242648.4,102714.91,0,308786.74,91614.36,0,540358.71,452325.64,245248.35,0,206823.85,121742.42,156450.88,412496.58,402741.6,204179.9,121602.24,0,220248.04,77804.04,0,0,0,336315.01,0,360114.03,0,113652.76,327909.6,0,286675.62,0,0,0,292806.55,0,0,154474.21,328855.14,18073.83,34796.18,0,0,0,0,0,0,0,0,0,134282.47,344579.12,0,53476.99,150680.89,685705.02,0,0,0,194896.35,0,0,0,0,0,0,0,197917.57,259577.15,0,739902.42,0,337237.27,581462.84,353523.76,311604.13,0,304851.73,164884.62,353331.72,184487.89,9095565.79,0,121174.36,255031.56,276027.88,185509.83,0,0,974318.4,0,0,0,0,159189.3,448431.37,321570.17,0,0,404866.1,429034.19,0,370505.42,0,290749.41,174719.63,454116.13,0,467864.64,452697.02,1007074.24,0,0,1183640.64,268578.46,241579.97,284675.83,429068.94,0,327263.77,545486.07,264165.24,205982.36,208186.39,138410.58,0,231780.26,574051.28,233690.75,0,300783.43,794936.66,517410.06,423978.93,619179.57,185295.21,0,0,541861.6,0,717097.53,194329.59,0,530803.5,545055.23,121197.25,162583.25,587587.86,503320.29,286990.72,0,0,387198.71,0,435403.24,1160478.27,0,0,0,3390.46,39713.55,827508.46,712794.31,256921.44,436094.86,0,90250.79,142471.97,342226,1059343.97,223076.47,0,0,231190.76,0,410184.62,305445.56,697096.6,0,0,310449.93,0,0,0,0,351931.25,0,743048,0,0,266716.57,0,2097033.43,0,0,0,135026.32,0,385171.59,242306.75,326764.66,97409.87,42355.83,111926.19,92556056.11
535873.85,1386147.18,512543.72,653703.22,690607.59,137212.53,905775.64,0,379320.42,809824.26,368125.13,309433.15,0,698746.75,0,236301.22,354828.25,844715.02,0,218433.22,0,359559.81,569345.76,0,0,0,0,0,0,0,0,0,0,0,731383.16,761824.7,2767783.63,0,174464.75,0,0,0,0,0,0,0,0,0,0,0,0,0,0,1369394.5,980708.25,0,0,602161.31,0,0,838090.31,0,0,520069.14,1456433.4,0,570705.06,0,0,0,0,0,219042.16,0,0,0,402688.76,843844.67,398659.04,1069685.31,0,0,0,0,0,0,0,365735.31,444009.79,175300.95,501676.54,1468428.5,0,598328.79,801746.96,397578.14,0,3699679.3,0,0,0,0,0,0,0,375997.94,0,277486.73,497275.85,0,254248.89,254834.72,432362.65,0,1181901.22,334484.86,359172.27,1003244.66,0,610312.23,0,807326.11,0,0,1017196.05,270853.29,570094.93,433993.37,0,0,222634.79,0,1481708.08,764002.79,240328.27,2099134.82,0,755498.17,0,288897.89,1306630.86,649898.09,1305317,1093469.87,0,891969.92,0,0,0,0,2543254.32,0,0,0,0,0,689818.08,626519.51,619727.66,515309.99,0,388915.86,732668.46,332772.9,532393.99,506423.85,1272818.47,786751.83,751259.52,0,395146.74,856977.01,751101.1,1168222.75,0,913941.09,690433.19,11071.96,92861.53,0,0,0,0,0,0,0,0,0,429827,0,0,0,0,0,0,0,0,545620.78,613871.21,469211.58,1947487.85,0,0,0,655722.82,843855.13,167632,0,913726.23,489079.28,117594.41,0,0,1019202.52,908862.2,0,0,854210.01,0,0,0,642072.62,313212.98,278633.38,0,1705334.18,553500.64,1217071.54,587440.15,0,499791.59,984818.55,1506981.66,0,534199.52,189469.04,0,824423.96,1028225.68,537884.43,0,304048.13,302590.43,920755.02,653142.04,776305.4,349034.19,239773.89,0,638668.25,240317.39,0,0,0,703417.94,0,658009.37,2039983.66,162278.81,528494.39,0,597426.86,0,0,0,569977.97,0,0,352328.37,640627.17,161707.72,714029.01,0,0,0,0,0,0,0,0,0,365585.62,607506.22,0,684023.34,767005.53,1386561.7,78807.67,0,0,283692.65,0,0,0,0,0,0,0,312726.02,592043.69,0,1597626,0,1190470.97,935941.91,569284.55,450223.15,0,770395.58,298934.13,582624.31,404998.79,14164990,0,269296.96,644571.98,1019441.57,523720.7,171643.67,0,2585957.68,0,0,0,0,247285.03,697374.7,561495.97,0,0,745914.32,627956.42,0,584988.36,0,504161.84,290429.17,669988.5,203607.98,756457.56,689366.85,3287829.1,0,0,1233049.32,604868.68,359450.94,405150.82,589303.45,0,507871.77,953728.83,338962.31,329583.79,485228.49,229966.37,0,375270.37,872265.2,446264.53,0,451678.18,1160051.79,1051453.59,938652.26,1290583.94,295266.14,0,0,937578.51,0,1442344.21,347046.13,0,1166601.3,827891.03,569116.09,215609.88,887567.97,795941.18,463400.66,0,0,979865.77,0,615298.12,2402692.55,0,0,0,645680.97,1122773.47,3084464.9,1292654.52,452951.65,1010201.52,0,219898.76,359578.28,550120.36,2116713.56,448136.62,796261.33,0,495505.28,0,698761.41,558711.53,1134992.29,392316.23,0,629318.43,0,0,0,0,595620.67,183519.89,1357981,0,0,467281.7,0,4476142.09,0,0,0,205392.88,77152.95,875108.31,463252.22,640192.71,709591.3,409174.08,171223.42,192355672.9
809039.2,1655998.6,793565.21,941431.5,909880.91,299837.5,1690309.21,0,665075.08,2149743.85,574943.7,955239.74,0,4466677.51,0,401796.79,578157.16,1119893.85,0,414180.65,0,730253.27,1753320.93,0,0,0,0,0,0,0,0,0,0,0,2732693.38,1536605.03,5935084.48,0,410834.53,0,0,0,0,0,0,0,0,0,0,0,0,0,0,1743860.38,1750512.01,0,0,1206750.52,0,0,1323769.7,0,0,795322.8,1749467.11,0,841310.21,0,0,0,0,0,303183.16,0,0,0,1268958.94,1268048.88,574480.8,4711131.67,0,0,0,0,0,0,0,543973.79,941146.82,317246.38,700433.62,1835874.26,0,1398150.22,1101628.17,669303.6,0,4824230,0,0,0,0,0,0,0,2357633.17,0,791906.7,1642950.8,0,430187.94,727555.78,1042652.48,0,3339652.28,949719.72,1034391.57,3083059.59,0,736722.39,0,1045183.45,0,0,1724934.57,500041.47,800954.98,664454.62,0,0,1035951.96,0,1968425.42,1983500.69,425010.5,2462427.92,0,3648085.17,0,1291882.8,3382440.78,957244.67,1816163.09,1377467.14,0,1534175.84,0,0,0,0,4079869.91,0,0,0,0,0,1061403.86,1157768.84,1018137.3,869108.07,0,820412.55,1405164.53,878253.29,3122371.57,1971401.59,2673678.29,1447565.95,1292842.9,0,558876.23,1125831.74,2295731.11,2742971.16,0,2118901.05,903077.86,884868.13,1527594.63,0,0,0,0,0,0,0,0,0,1169105.97,0,0,0,0,0,0,0,0,1720116.21,2176821.68,795742.33,4958199.59,0,0,0,1105248.33,1554133.68,1128662.1,0,3941683.73,1784290.9,1018364.64,0,0,3226366.88,2695111.36,0,0,2030950.22,0,0,0,1165958.97,801186.21,707937.36,0,2755825.38,951627.29,1589517.38,766958.12,0,804135.65,1180696.21,4665054.67,0,1031565.33,375785.52,0,1449386.85,1820393.6,677380.93,0,693139.16,824585.97,1492826.12,1143349.16,969259.01,1505728.11,396337.36,0,877939.64,1261539.04,0,0,0,1442972.54,0,2425939.83,5648742.47,459641.25,2245456.46,0,1031919.89,0,0,0,2282213.08,0,0,698200.81,1979831.52,383493.9,1814213.15,0,0,0,0,0,0,0,0,0,2981040.86,811981.63,0,1928160.09,1272661.05,3471223.9,1017697.79,0,0,366415.49,0,0,0,0,0,0,0,636368.81,931475.58,0,2358505.37,0,2623918.15,2020212.95,1814488.14,917602.2,0,1016222.54,777771.48,1920522.32,499404.63,18032172.48,0,365520.33,1110584.3,1254509.07,1147516.86,845411.35,0,3463666.18,0,0,0,0,977725.64,1185781.17,1807453.99,0,0,1059972.56,1314731.6,0,1156372.43,0,1546194.54,486890.64,1114805.56,1674282.63,1332058.32,2093799.84,3924437.09,0,0,1317937.07,964753.76,582705.41,588778.48,1136134.23,0,876373.93,1684068.7,532408.94,992996.8,1559068.12,643369.09,0,587242.87,1444428.87,629223.24,0,695707.98,1599939.21,1560656.96,1317818.11,1693676.89,595588.25,0,0,1437622.76,0,1885967.26,507175.73,0,1567732.66,1299370,1437693.88,431771.68,1564454,1068922.72,1081931.76,0,0,1261811.69,0,862690.1,3015805.12,0,0,0,972204.8,1388480.97,3408251.99,1659725.24,691303.71,2184911.66,0,527674.89,665016.23,785880.88,5159839.83,866738.26,3403549.82,0,1605821.48,0,1082779.62,1227680.93,1710543.21,1408692.93,0,889987.39,0,0,0,0,944900.63,981594.96,2910112,0,0,991616.85,0,8051589.53,0,0,0,326996.44,1191796.34,1970452.97,1066298,2021173.96,2010180.72,1647575.47,300949.02,383469195.3
167805.72,138223.11,120759.56,173269.55,297572.57,31139.56,94819.99,0,160858.76,59085.65,100418.71,65533.98,0,731867.84,0,25049.4,0,213739.64,0,60280.85,0,65209.77,170016.28,0,0,0,0,0,0,0,0,0,0,0,172804.18,231424.19,1038350.76,0,53690.86,0,0,0,0,0,0,0,0,0,0,0,0,0,0,292438.67,191305.07,0,0,179894.52,0,0,164189.51,0,0,153459.05,278517.06,0,159479.39,0,0,0,0,0,55245.23,0,0,0,90613.46,231019.72,35756.43,171546.18,0,0,0,0,0,0,0,0,0,0,254463.36,0,0,149334.07,108456.41,128862.52,2709.35,0,0,0,0,0,0,0,0,168536.29,0,87805.67,0,0,0,0,147114.83,0,193824.77,72742.09,160300.11,242671.77,0,83575.38,0,0,0,0,436954.73,148176.32,160113.06,164042.28,0,0,37026.62,0,84219.08,202060.61,97085.08,117591.06,0,0,0,194013.69,259695.17,209838.22,506715.24,205896.43,0,776339.82,0,0,0,0,373373.4,0,0,0,0,0,0,197893.17,221181.73,350622.89,0,136639.69,0,83434.75,169587.45,142521.45,298746.72,0,302524.78,0,48356.9,214437.99,184282.4,764267.96,0,0,0,52102.21,355316.76,0,0,0,0,0,0,0,0,0,133563.03,0,0,0,0,0,0,0,0,142785.4,0,16000,101721.12,0,0,0,188557.81,176477.18,146957.62,0,328409.89,144070.66,96494.12,0,0,0,345175.4,0,0,433588,0,0,0,224638.03,115598.36,62333.08,0,223223.36,249674.59,128011.51,420333.64,0,203695.76,107314.68,1010271.63,0,296598.01,124759.12,0,0,0,104321.23,0,105376.27,51686.53,208791.35,333605.68,230979.79,93538.99,75280.91,0,161636.65,0,0,0,0,240942.69,0,149558.9,160637.75,65954.59,0,0,127606.56,0,0,0,140592.82,0,0,100377.94,0,0,233617.23,0,630070.12,0,0,0,0,0,0,0,0,274626.79,0,158571.55,0,332594.6,151672.8,0,0,115000.33,0,0,0,0,0,0,0,120262.19,125395.29,0,254866.91,0,260514.44,241623.94,266118.66,123867.78,0,96838.69,93669.44,146191.48,39852.71,0,0,134843.62,237843.59,271516.07,168941.79,151730.44,0,466536.95,0,0,0,0,130620.92,146705.38,174513.06,0,0,222567.25,0,0,158929.13,0,179616.39,130513.23,239314.03,180555.9,291527.47,0,332944.37,0,0,39313.05,142535.52,105426.5,197740.76,157586.89,0,221636.97,267534.04,46303.87,120143.45,138677.2,60154.58,0,138026.88,299275.29,0,0,122755.21,334721.06,275177.17,368886.89,354679.63,88999.14,0,0,294998.77,0,0,198197.11,0,318089.47,342315.92,389457.55,62060.32,264704.78,161343.9,211587.5,0,0,146596.98,0,192531.07,266066.08,0,0,0,98514.21,115415.34,374199.5,324569.99,182715.12,291426.17,0,118109.27,91928.27,203896.57,651688.75,192286.56,273396.11,0,0,0,0,0,252853.51,130972.56,0,224610.06,0,0,0,0,236739.3,177993.8,654071,0,0,148592.04,0,652417.89,0,0,0,52486.59,68615.46,442830.66,0,148768.57,155782.83,89109.05,0,43208067.42
325602.43,326471.15,389918.53,507357.95,507734.17,51589.45,289239.04,0,317190.75,196020.8,200110.2,197186.85,0,1742031.74,0,81718.45,0,361221.42,0,117013.68,0,156900.9,312452.42,0,0,0,0,0,0,0,0,0,0,0,337062.81,529983.83,2739613.39,0,211176.3,0,0,0,0,0,0,0,0,0,0,0,0,0,0,671993.16,413684.81,0,0,348730.11,0,0,351212.72,0,0,315683,447097.77,0,425006.74,0,0,0,0,0,119633.19,0,0,0,231715.74,392487.12,111656.01,372155.53,0,0,0,0,0,0,0,0,0,320739.62,448789.51,0,0,326950.6,249572.14,248499.54,166570.4,0,157385.06,0,0,0,0,0,0,366224.61,0,215715.22,0,0,0,0,289250.56,0,366207.24,203151.16,261308.89,463534.26,0,207371.63,0,0,0,0,1001985.44,228549.83,331630.27,345119.93,0,0,82571.34,0,235016.02,414708.08,217140.12,316805.5,0,0,0,509197.85,500209.41,510589.85,971221.58,445947.71,0,1442602.38,0,0,0,0,891048.55,0,0,0,0,0,76986.24,476684.3,450447.54,678537.2,0,330563.82,183889.44,183387.74,352933.13,340438.48,487197.62,8783.83,636618.42,0,190822.67,559100.57,499972.47,1615854.53,0,0,0,97553.54,563524.19,0,0,0,0,0,0,0,0,0,268049.77,0,0,0,0,0,0,0,0,332475.85,0,437207.92,230081.81,0,0,0,447006.31,396094.48,311563.98,0,610909.15,291268.67,201520.8,0,0,12291.08,676447.11,0,0,692921.93,0,0,0,518772.68,338282.23,167225.11,0,421568.69,560599.72,290405.09,540322.34,0,370613.8,233633.62,2063766.67,0,1170541.53,228577.96,0,0,623238,225761.66,0,226857.89,184932.01,326552.3,553655.19,429553.51,226097.25,142583.03,124187.15,400844.78,0,0,0,0,428090.22,0,372792.45,481189.96,140939.54,0,0,292353.81,0,0,0,340396.46,0,0,227775.17,0,0,653115.25,0,819831.41,0,0,0,0,0,0,0,234189.41,421038.97,0,379521.86,3072.9,716371.86,284471.73,0,0,192386.47,0,0,0,0,0,0,0,229830.42,414883.73,0,762882.57,0,591970.8,588072.18,488360.37,245628.32,0,185666.62,323982.2,361787.49,92582.46,2446.93,0,271679.43,373458.75,533741.53,281919.86,292114.21,0,949746.46,0,0,0,0,338355.66,327582.35,309977.66,0,0,465336.4,0,0,497692.83,0,453089.27,201205.31,521879.27,363366.47,633752.97,0,931235.1,0,0,58950.89,247906.85,279485.76,350952.4,317532.12,0,409265.82,516470.97,107685.22,224261.06,234111.78,116747.43,0,435409.55,572257.15,0,0,283838.79,770396.44,737205.19,589027.38,948783.71,225398.99,0,0,542083.8,0,91971.5,348675.47,0,548988.8,661367.75,685900.88,257692.36,572323.69,503144.58,455542.06,0,0,305348.07,0,600221.94,921608.89,0,0,0,322758.57,264385.95,774995.44,631148.83,313158.02,786383.22,0,285655.5,240191.03,499013.18,1256151.3,368093.54,547423.37,0,0,0,0,0,587458.7,276265.76,0,419387.03,0,0,0,0,417956.21,285025.71,1330291,0,0,342913.18,0,1922148.96,0,0,0,104596.1,186979.39,737511,0,319769.72,289789.08,174298.89,0,95470044.32
507337.18,974556.58,1333058,852652.54,1198715.01,65589.6,443088.41,0,591007.2,860517.56,334369.07,324166.08,0,2972225.06,0,183710.37,114043.82,557386.9,0,241998.74,0,605739.79,894671.11,0,0,0,0,0,0,0,0,0,0,0,688331.47,1116797.93,5763816.46,0,415169.15,0,0,0,0,0,0,0,0,0,0,0,0,0,0,1335742.17,698146.72,0,0,746594.53,0,0,1156276.58,0,0,500402.59,741094.95,0,656505.33,0,0,0,0,0,768080.47,0,0,0,351967.86,528204.72,259603.79,720611.34,0,0,0,0,0,0,0,317626.4,0,609724.04,839806.52,0,0,505316.92,388366.57,423748.92,764971.23,1158675.51,836963.28,0,0,0,0,0,0,606416.98,0,320673.72,117713.54,0,0,0,481418.92,0,566552.06,323206.77,658683.03,916926.43,0,572456.59,0,226028.25,0,0,1398881.86,313141.92,792081.26,1066582.1,0,0,260646,0,446468.49,639028.51,452334.73,512893.58,0,0,0,812303.15,1012933.11,706888.65,2854747.8,727599.9,0,1703852.48,0,0,0,0,1805608.12,0,0,0,0,0,881847.5,670732.46,838085.15,1023210.59,0,627821.36,2041121.04,623673.03,542887.61,681300.56,743587.79,759888.54,940194.99,0,271385.85,1007952.03,897463.65,1914281.4,0,0,13756.14,131640.72,683245.92,0,0,0,0,0,0,0,0,0,501439.72,0,0,0,0,0,0,0,0,496480.16,94261.35,2138665.42,333983.88,0,0,0,747009.3,582407.61,490493.6,0,974438.62,469655.07,415358.08,0,0,227911.89,1037056.82,0,0,979148.81,0,0,0,756149.48,591401.83,328308.08,0,691690.46,1038800.26,540400.32,738722.56,0,863624.59,431750.41,2717235.11,0,1632456.53,401963.7,0,161685.3,2059886.08,547369.35,0,681826.67,449063.54,495558.57,1878685,961163.21,414984.93,263818.88,477118.19,585962.72,0,0,0,0,946468.65,0,602654.78,690966.68,250129.56,0,0,786759.44,0,0,0,544107.98,0,0,540632.67,0,0,1215252.8,0,1041258.45,0,0,0,0,0,0,0,1252597.79,571641.29,0,760148.79,256281.78,1259303.23,515032.92,0,0,334547.03,0,0,0,0,0,0,0,346220.29,585850.81,0,1232612.95,0,1596686.97,969798.79,846023.71,577419.62,0,276270.66,492255.36,603876.27,244582.96,741544.99,0,964122.62,1112119.48,817204.53,957981.43,517750.2,0,1476120.44,0,0,0,0,504639.63,568455.5,545216.12,0,0,794967.51,816166.78,0,737402.83,0,677152.57,294736,825900.72,677445.92,1304367.65,257454.75,2561940.55,0,0,142915.04,475774.48,454012.31,585976.46,513464.71,0,648118.89,892193.76,198401.97,330608.62,481547.85,235039.01,0,1481040.18,941587.54,222149.9,0,652971.25,1206671.07,1101556.41,789845.85,1462251.27,361074.9,0,0,1394486.39,0,933876.56,510103.02,0,1577890.71,917405.8,1034994.4,398081.3,841579.08,844458.34,842271.61,0,0,950414.21,0,945777.55,2031664.26,0,0,0,541046.4,769216.33,2018616.15,1096601.5,957493.4,3203104.01,0,455804.2,450396.3,960005.27,1979310.09,643458.02,1050604.8,0,216930.63,0,0,97581.03,1342317.67,617154.16,0,559917.72,0,0,0,0,719983.91,491602.92,1906610,0,0,606065.83,0,7619440.65,0,0,0,163104.85,364941.35,1146235.72,377016.01,573011.59,440183.53,320816.6,590968.45,195307275.1
1322055.12,1172750.28,1850535.64,1071289.42,1394461.23,119723.76,769978.37,0,808955.49,1640764.53,568200.63,464458.86,0,8004418.35,0,712872.46,947069.35,806820.62,0,360898.55,0,808869.52,4183054.63,0,0,0,0,0,0,0,0,0,0,0,2822073.4,1372432.87,8161454.49,0,1679628.36,0,0,0,0,0,0,0,0,0,0,0,0,0,0,3658681.36,1000517.91,0,0,1276116.53,0,0,1690947.44,0,0,659108.23,6311313.06,0,936452.99,0,0,0,0,0,909665.99,0,0,0,2042118.59,759701.8,340108.97,3574756.56,0,0,0,0,0,0,0,1113704.51,0,0,1751756.14,0,0,1199262.94,918163.59,918536.35,2872938.76,4836704.32,2047935.63,0,0,0,0,0,0,3852722.34,0,794643.44,833240.76,0,3928266.85,0,772848.12,0,987256.84,425435.32,915365.12,1098325.93,0,777699.83,0,1216231.22,0,0,2462526.7,390260.26,1043968,1333814,0,0,2403972.06,0,2468355.99,957450,877578.38,933105.89,0,0,0,2340925.06,2364757.42,1301824.3,3398401.99,1024440.33,0,2228898.33,0,0,0,0,3357095.91,0,0,0,0,0,1611227.82,1178655.37,1233226.07,1356932.2,0,987262.11,3601734.05,1635626.43,1530822.51,4081243.76,1461220.83,1070732.08,1318277.41,0,430426.25,1363365.48,2604489.66,3650778.44,0,379115.16,1005718.09,438812.89,1603483.56,0,0,0,0,0,0,0,0,0,819587.77,0,0,0,0,0,0,0,0,3388851.99,1377305.77,3970681.06,1376818.13,0,0,0,1309020.13,799297.29,1045552.12,0,2546883.56,2575216.79,1588475.7,0,0,1035971.94,5940747.24,0,0,1767927.84,0,0,0,1526930.25,1012689.21,918745.78,0,1465582.25,1640591.29,1312776.97,950930.06,0,1153288.68,609274.42,6062277.48,0,2670567.42,625816.42,0,591736.07,0,695578.94,0,1205016.4,697129.76,742685.16,2445102.02,1210766.06,1033730.28,375031.73,1579008.03,773856.83,0,0,0,0,1672002.44,0,1640946.72,1918372.99,665374.49,0,0,1278475.07,0,0,0,975999.4,0,0,920531.45,0,0,4086326.31,0,1807089.33,0,0,0,0,0,0,0,2922131.3,1310730.13,0,2631084.99,889095.44,3072933.93,2431861.59,0,0,1085159.37,0,0,0,0,0,0,0,694473.37,1189263.66,0,1895942.7,0,2028677.12,2599706.99,1768258.71,844399.79,0,422966.51,760311.1,1350957.09,825887.18,849150.57,0,1134451.14,1620254.08,1091333.37,1529341.82,847767.97,0,3328855.23,0,0,0,0,1001713.54,1031942.48,1674103.8,0,0,1754284.94,1694547.87,0,1129959.96,0,1219325.08,612699.19,1232583.08,2360488.65,2172511.18,2033130.72,4293980.17,0,0,165469.81,744980.15,715207.8,1588411.29,1317527.76,0,966223.53,3071850.33,309828.08,509943.24,1151336.93,541926.97,0,2819757.52,1503428.06,1284599.03,0,893598.65,1730835.84,1630310.55,1088164.59,1698238.18,533946.67,0,0,1740364.13,0,1336784.41,623230.11,0,1772750.36,1424608.68,4232951.96,528905.18,1216409.13,1091006.23,1113535.86,0,0,1181909.94,0,1257077.88,2572845.8,0,0,0,724373.84,910084.89,3207303.01,1348463.14,1195460.96,4028312.5,0,896634.73,958040.77,1308015.97,5576207.69,1050400.71,5342922.33,0,806017.6,0,0,656562.23,2007353.48,1166347.78,0,902724,0,0,0,0,1869961.98,1258846.84,3421787,0,0,1725301.06,0,13433668.84,0,0,0,296448.98,1049181.91,2038977.53,2703822.81,1068057.71,1327374.34,568743.98,2148255.72,403390270
141428.2,149851.06,157847.71,158447.97,117807.79,0,137220.28,0,128247.09,148849.77,121544.92,108907.46,0,0,0,36476.84,127051.84,198164.65,0,0,0,98882.95,0,0,0,0,0,0,0,0,0,0,0,0,0,524275.1,1153168.93,0,0,0,0,0,0,0,0,0,0,0,0,0,0,0,0,0,246040.12,0,0,175154.97,0,0,0,0,0,0,0,0,421453.98,0,0,0,0,0,82246.3,0,0,0,86484.85,94566.73,53182.54,0,0,0,0,0,0,0,0,91650.77,0,115827.47,201901.17,0,0,0,121144.52,0,460323.69,144388.13,194215.12,0,0,0,0,0,0,0,0,84885.06,32147.69,0,0,0,88932.04,0,224360.29,108248.92,88809.06,118902.57,0,182408.22,0,224588.26,0,0,0,158476.47,162363.34,161412.77,0,0,0,0,0,172466.52,846.33,173891.2,0,0,0,115811.44,336888.12,0,326260.32,274742.32,0,178415.72,0,0,0,0,0,0,0,0,0,0,161275.94,0,228392.48,0,0,93962.37,191096.14,148885.95,0,0,1078260.66,94946.21,313770.39,0,47244.28,161988.1,163425.89,723261.78,0,205716.12,74039.77,206943.71,294004.02,0,0,0,0,0,0,0,0,0,138328.97,0,0,0,0,0,0,0,0,0,198036.84,84509.81,0,0,0,0,304138.99,150587.56,102935.9,0,271480.5,168785.64,0,0,107089.8,0,0,0,0,243132.41,0,0,0,481125.74,235077.38,201226.63,0,406251.14,232949.39,544785.16,227892.58,0,0,155504.44,4889927.01,0,784609.82,144964.66,0,108577.51,428750.07,187885.48,0,302265.3,97478.17,102902.26,246741.92,0,0,78408.63,192395.49,355821.01,0,0,0,0,0,0,0,0,90957.06,0,0,0,0,0,0,0,0,0,185006.92,0,0,563710.91,0,0,0,0,0,0,0,0,0,0,168556.18,0,242836.37,0,461858.49,171276.42,0,0,94783.76,0,0,0,0,0,0,0,109960.22,136765.33,0,0,0,293473.11,1142572.84,0,190024.12,0,80343.48,177700.89,187773.35,41498.62,102950.05,0,228434.53,231344.2,251702.18,188807.54,0,0,519643.91,0,0,0,0,0,0,0,0,0,0,0,0,0,0,0,0,0,0,0,0,0,0,0,0,216586.02,64793.61,0,1155712.15,0,348228.8,64397.92,91560.4,0,79186.36,52983.54,0,0,0,162387.68,0,227560.7,382436.96,370911.51,269839.42,175252.47,103878.02,0,0,165141.26,0,141538.22,0,0,0,326211.41,235776.4,102393.34,288497.74,304171.45,0,0,0,0,0,292699.93,0,0,0,0,119424.53,142752.89,0,0,0,928800.74,0,227301.9,115327.72,14389.02,0,248343.43,0,0,0,0,0,0,0,0,0,147209.76,0,0,0,0,255440.33,130340.1,399738,0,0,0,0,0,0,0,0,56270.25,94634.73,437266.71,186979.83,146252.51,111461.65,0,136751.69,40956201.18
277465.5,348214.21,303224.17,310373.46,389674.13,1665084.37,262301.14,0,286964.77,271570.97,288501.55,271994.68,0,0,0,128189.8,233176.94,497338.85,0,552.1,0,168125.33,0,0,0,0,0,0,0,0,0,0,0,0,0,662252.68,2510212.78,0,0,0,0,0,0,0,0,0,0,0,0,0,0,0,0,0,452085.32,0,0,411411.59,0,0,0,0,0,0,0,0,890274.53,0,0,0,0,0,172464.76,0,0,0,164131.28,186494.46,130298.08,0,0,0,0,0,0,0,0,225975.52,0,243017.16,418943.74,0,0,0,256311.28,0,1088008.81,346039.58,428468.61,0,0,0,0,0,0,0,0,187225.23,134531.26,0,0,0,202788.36,0,460403.43,176256.46,190602.58,266681.69,0,405206.37,0,447586.85,0,0,0,303328.64,317696.67,310599.85,0,0,0,0,0,318749.74,106116.02,452734.49,0,0,0,282689.62,697720.31,0,674845.03,575704.32,0,411529.4,0,0,0,0,0,0,0,0,0,0,250360.77,3457.95,415712.04,128152.27,0,287912.95,410514.49,276689.39,9270.04,0,1402694.56,170806.56,612389.29,0,151585.89,543606.63,364956.55,1231757.9,0,310247.68,173259.49,309988.59,435881.86,0,0,0,0,0,0,0,0,0,269429.56,0,0,0,0,0,0,0,0,0,343022.29,142041.69,0,0,0,0,716827.81,310957.09,271788.99,0,698220,321837.31,0,0,221383.88,0,0,0,0,623174.06,0,119575.51,0,880075.66,488187.35,296845.02,0,883223.32,558069.56,1086140.38,464087.63,0,0,256878.95,5154924.97,0,1109196.23,339960.81,0,276869.92,753650.34,411927.88,0,782149.97,246539.42,285978.47,515196.88,0,0,153243.65,412215.14,588905.83,0,0,0,0,0,0,0,0,187573.09,0,0,0,0,0,0,0,0,0,427070.4,0,0,1083945.1,0,0,0,0,0,0,0,0,0,0,327615.91,0,513150.59,0,874540.11,348150.64,0,0,397551.24,0,0,0,0,0,0,0,200346.56,312472.54,0,2896.76,0,556349.95,1560651.12,143816.15,319180.55,0,150936.75,329505.96,405209.65,97595.54,185455.42,0,576046.42,442602.81,444970.79,385132.01,0,0,930327.94,0,0,0,348581.93,159843.76,516532.14,0,0,0,0,0,0,0,0,0,0,0,0,0,0,58850.73,0,0,0,464683.44,211038.99,0,1577026.74,0,544407.59,165402.97,163444.39,87120.73,199158.7,107576.71,0,213430.91,140673.14,243727.65,0,388219.78,704494.69,777175.23,632754.99,799494.69,206988.73,0,0,335401.67,0,279007.43,8294.17,0,5580.17,758868.36,683319.36,290711.18,581193.86,597553.2,34755.76,0,0,808152.96,0,573996.55,0,0,0,0,303929.36,312332.18,28941.78,2521.04,0,1932271.08,0,361090.4,229268.78,902954.43,0,565074.17,0,0,0,0,0,0,29822.69,0,0,292358.56,0,0,0,0,480417.38,295096.33,892049,0,0,0,0,0,0,0,0,133146.01,204769.88,869840.75,412916.86,279158.41,260379.77,30657.85,273797.2,82647260.15
572719.52,533325.02,1500989.88,462188.68,725461.54,1824680.93,558700.8,0,578332.73,958547.31,738900.39,673367.02,0,0,0,239031,335763.72,871743.42,0,1201031.46,0,266795.53,0,0,0,0,0,0,0,0,0,0,0,0,0,4497877.51,3965736.11,0,0,0,0,0,0,0,0,0,0,0,0,0,0,0,0,0,804810.05,0,0,984601.26,0,0,0,0,0,0,0,0,1222369.96,0,0,0,0,0,783696.35,0,0,0,317184.25,344913.76,686615.17,0,0,0,0,0,0,0,0,427162.54,0,350401.05,787418.84,0,0,48793.87,1097516.07,87659.01,2058978.42,474980.04,597448.83,0,0,0,0,0,0,0,0,307583.41,221211.77,0,395468.03,0,372928.63,0,983545.29,327542.14,320722.59,437622.68,0,702688.78,0,815916.13,0,0,0,519485.45,471140.75,501617.65,0,0,0,0,0,518748.29,524306.81,733551.99,0,0,0,581331.46,1182810.34,0,1173191.41,1465172.09,0,608853.93,0,0,0,0,0,0,0,0,0,0,407249.6,244757.45,621752.35,1431619.3,0,678588.82,542002.14,490600.45,238027.92,0,1743066.38,227328.79,926159.11,0,229692.75,698471.64,877907.21,2691022.78,0,527201.88,346395.84,464087.9,655519.27,0,0,0,0,0,0,0,0,0,622387.25,0,0,0,0,0,0,0,0,0,465653.63,217670.2,0,0,0,0,1098880.71,490888.6,475365.41,0,985311.53,528197.67,0,0,418276.51,0,0,0,0,931393.09,0,420573.53,0,1273883.89,826581.54,509705.84,0,1597827.34,861228.29,1680268.18,689210.22,0,596938.44,466496.26,5684304.82,0,2606680.61,622080,0,460266.68,1618912.16,958584.94,0,1032766.39,450399.78,449595.63,753346.45,0,632933.09,260013.04,805463.78,1143868.04,0,0,0,0,0,0,0,0,332058.94,0,0,0,0,0,0,0,0,0,673020.84,0,0,1711349.83,0,0,0,0,0,0,0,0,0,0,503817.37,0,929906.78,0,1454116.77,606523.81,0,0,636280.83,0,0,0,0,0,0,0,331345.37,510752.21,0,822902.46,0,856753.3,2147599.7,1050742.95,497238.99,0,331740.45,739185.08,813594.07,216314.85,371205.49,0,1517638.83,1150650.18,698414.18,1058626.34,0,0,2053998.28,0,0,0,832135.73,305434.32,979687.27,654729.32,1101035.72,380119.75,877066.17,820135.55,0,0,0,0,0,0,0,0,0,1286700.14,0,0,0,906574.14,391493.9,1359687.95,1663379.34,0,735317.6,758077.41,261953.25,368130.49,287895.34,153116.25,0,1359777.55,700491.16,676877.13,0,592216.76,1053225,1557734.21,1255832.38,1160012.55,475496.44,0,0,485902.4,0,448199.46,882203.73,0,746665.47,1266213.75,1068815.53,419660.79,820968.47,1403925.5,375011.95,0,0,1693359.07,0,881264.97,0,0,0,0,510963.05,710283.41,576519.94,288018.39,0,3775655.97,0,474111.64,553778.21,1248724.84,0,950278.57,0,0,0,0,0,9654.79,308187.54,0,0,462866.72,0,0,0,0,843430.81,530164.41,2071154,0,0,0,0,40434.55,0,0,0,206454.5,384729.17,1302748.86,864498.27,486509.89,451550.98,629445.37,417815.24,164982867.7
1387687.05,834780.43,2277448.83,1348278.3,1300365.01,2006001.97,1496359.76,0,966616.64,3536453.22,1218424.03,1297141.11,0,0,0,575157.87,552967.73,1773912.37,0,2032633.16,0,1095659.91,0,0,0,0,0,0,0,0,0,0,0,0,0,11631529.81,8249321.58,0,0,0,0,0,0,0,0,0,0,0,0,0,0,0,0,0,1800346.86,0,0,1620855.36,0,0,0,0,0,0,0,0,1822979,0,0,0,0,0,1409426.35,0,0,0,1669621.45,665221.16,780249.79,0,0,0,0,0,0,0,0,1264156.93,0,524574.92,2097991.8,0,0,934198.85,4379661.84,694037.76,6047403.46,927377,998275.67,0,0,0,0,0,0,0,0,798563.78,508163.72,0,2146378.61,0,1086761.96,0,1456812.73,623056.89,664052.54,1149262.52,0,1019273.24,0,1186339.75,0,0,0,1514245.52,674270.38,758333.4,0,0,0,0,0,976612.43,911557.49,993766.72,0,0,0,2875064.06,4016146.61,0,1810325.6,2313859.93,0,1233388.4,0,0,0,0,0,0,0,0,0,0,1129677.09,455543.31,1918446.57,2593307.01,0,1048586.17,1498220.43,753188.46,1223163.07,0,3164715.26,637459.1,1742366.5,0,395746.29,981380.8,5652125.05,12199006.28,0,882833.82,909011.87,1037554.78,1818217.45,0,0,0,0,0,0,0,0,0,1935284.24,0,0,0,0,0,0,0,0,0,1446153.35,703654.71,0,0,0,0,2179809.54,769773.3,1091060.35,0,3580575.68,2268491.89,0,0,1612674.25,0,0,0,0,2171625.58,0,1759366.79,0,4196374.44,1935651.17,1355733.06,0,3480640.76,1247421.45,3011027.66,897506.74,0,952203.2,770434.28,9800102.35,0,3897873.1,1429053.41,0,2381821.24,3021113.67,1146883.26,0,2355935.62,820098.14,1399071.35,2142318.5,0,1653121.81,651911.56,2600431.85,1612145.02,0,0,0,0,0,0,0,0,1550010.36,0,0,0,0,0,0,0,0,0,1105499.66,0,0,4834395.99,0,0,0,0,0,0,0,0,0,0,3183657.13,0,2998027.64,0,3532949.79,3016492.01,0,0,1816058.98,0,0,0,0,0,0,0,3026091.86,1471014.31,0,2521180.88,0,2687703.94,5001718.91,1865953.47,1603886.18,0,1841364.59,1756583.73,1792626.99,1842913.95,661173.97,0,2874702.46,1704272.83,1038306.04,1995074.47,0,0,4933476.93,0,0,0,3474143.47,1646244.9,1892315.52,895980.1,1461761.17,1072888.04,1442650.03,3294021.2,0,0,0,0,0,0,0,0,0,2237302.26,0,0,0,1747837.39,714380.38,1814017.85,2000692.16,0,1134451.26,1715846.62,605820.78,958168.08,601495.93,271735.43,0,5212189.78,2445092.89,1835725.94,0,787021.73,1870327.23,2483969.68,2104526.65,1419932.49,714799.52,0,0,1357282.32,0,1090282.95,1844245.24,0,1757842.15,1927405.71,5192900.98,1103925.68,1647321.88,1744861.24,688599.86,0,0,4473633.74,0,1968957.43,0,0,0,0,1000300.37,841902.61,884794.07,704664.14,0,6020897.99,0,1043801.42,938943.7,1463994.23,0,2103338.52,0,0,0,0,0,1941407.24,980497.57,0,0,1242671.21,0,0,0,0,3042796.13,1077766.47,5739785,0,0,0,0,2287662.97,0,0,0,482430.83,1853478.42,2837983.83,2101885.94,1442439.97,1205937.13,1924905.17,715739.91,389439005.5
131984.18,59919.19,0,240590.59,194979.45,42106.84,179489.93,0,179983.04,148653.8,122289.07,181649.52,0,0,0,91787.57,104407.41,360197.17,0,117051.67,0,57955.81,0,0,0,0,0,0,0,0,0,0,0,0,24967.23,1658491.64,1604975.86,0,42538.04,0,0,0,0,0,0,0,0,0,0,0,276343.4,0,0,32869.4,220036.81,0,0,259674,0,0,0,0,0,19094.35,0,0,0,0,0,0,0,0,0,0,0,0,0,82864.21,73421.69,0,0,0,0,0,0,0,0,327229.51,0,97036.66,177994.36,0,0,0,516822.13,151882.45,385906.03,0,95905.01,0,0,0,0,0,252056.65,0,15606.37,0,121981.42,0,163713.35,0,88547.97,0,239814.96,69529.85,107671.08,132045.19,0,0,0,383264.23,0,0,0,0,109427.86,0,0,0,0,0,0,63578.7,85067.61,269859.99,0,0,0,178730.03,451025.65,0,0,259112.19,0,472939.84,0,0,0,0,0,0,0,0,0,0,185798.26,70876.74,0,389990.7,0,169621.36,128063.07,0,0,0,320441.07,123427.79,283861.08,0,76552.52,96364.79,184285.5,4443498.46,0,145359.58,197642.16,0,221196.1,0,0,0,0,0,0,0,0,0,172518.79,0,0,0,0,0,0,0,0,0,132985.19,0,0,0,0,0,283742.94,0,185168.42,0,213794.22,169425.86,0,0,195958.65,0,0,0,0,322957.85,0,240516.02,0,233322.43,329986.75,215430.43,0,510446.93,321977.49,265770.56,237110.52,0,130024.49,171648.46,40441.05,0,565821.09,0,0,194212.29,0,573614.26,0,206100.75,0,204444.1,321468.01,822861.91,150206.71,100351.22,299616.72,393858.31,0,0,0,0,0,0,214339.81,0,116265.58,0,0,0,0,0,0,175833.88,0,0,223841.2,0,0,427803.47,0,75386.26,0,0,0,0,0,0,0,0,0,0,215450.15,0,431862.08,206338.44,0,0,25395.44,0,0,0,0,0,0,0,146296.75,137519.16,0,148144.23,0,309599.79,234449.28,151581.81,184661.29,0,874928.77,191413.03,199167.9,40791.48,135829.75,0,169949.43,127349.14,238403.74,238457.93,10581.78,0,0,0,0,0,232916.99,69749.28,111258.74,521614.93,66244.68,289724.34,293057.79,209432.04,0,0,0,0,0,0,0,0,0,68587.67,0,0,2442.52,208676.63,219637.75,458737.77,124743.47,0,263183.2,127992.47,0,82371.38,102695.37,29297.09,0,136880.88,274586.46,239156.53,0,167190.94,239960.74,0,810964.83,0,112302.8,0,0,0,0,274466.73,417572.31,0,146425.04,0,0,0,282232.57,265182.71,134884.27,0,0,317596.21,0,299130.86,0,0,0,0,175798.39,0,237044.53,0,0,596780.6,0,0,155549.78,75615.96,0,197023.96,0,0,0,0,0,0,118965.99,0,0,61899.83,0,0,0,0,226395.97,222676.66,0,0,0,0,0,215858.93,0,0,0,0,98453.54,0,300473.01,122992.15,101380.18,134118.76,495808.94,43757209.3
243478.5,271256.93,95449.08,650556.91,414477.07,81629.53,431516.39,0,465669.22,353131.98,322373.21,376466.84,0,0,0,176934.83,303317.97,643747.23,0,311444.64,0,216336.48,0,0,0,0,0,0,0,0,0,0,0,0,244633.8,4868187.43,5415697.92,0,576377.7,0,0,0,0,0,0,0,0,0,0,0,676394.38,0,0,418358.76,579481.85,0,0,481940.07,0,0,0,0,0,299183.59,0,0,406518.76,0,0,0,0,0,115358.89,0,0,0,2230.15,133639.72,152365.38,0,0,0,0,0,0,0,0,897533.58,0,191605.78,390460.07,0,0,0,1005813.76,330053.94,1148643.55,0,185280.91,0,0,0,0,0,448729.1,0,168219.68,1617.44,221564.67,0,403338.94,0,297530.97,0,675663.85,137004.03,198511.08,296081.21,0,273624.21,0,791243.98,0,0,0,0,331496.17,0,0,0,0,45346.39,0,232875.23,172247.1,531648.56,0,0,0,379523.35,810862.25,0,58019.94,509393.84,0,883057.46,0,0,0,0,0,0,0,0,0,0,401842.27,139489.99,0,1218715.46,0,397342.33,257723.44,33369.75,51518.41,0,744980.61,174493.82,509359.03,0,167178.79,279958.53,585372.25,10862441.36,0,249998.36,341520.44,0,452426.68,0,0,0,0,0,0,0,0,0,308036.45,0,0,0,0,0,0,0,0,0,313622.69,70835.64,0,0,0,0,575478.64,166194.04,383807.1,0,507045.16,344947.51,0,0,360529.42,0,0,0,0,781682.08,160729.04,514221.27,0,622804.03,760355.21,436934.75,0,848084.95,819767.39,582430.41,424822.76,0,193960.93,339063.33,346904.57,0,1182035.65,0,0,424512.15,0,1131877.98,0,520151.11,0,441651.72,607167.12,2955425.52,354336.45,249426.92,786753.26,575949.22,0,0,0,0,0,0,632992.4,0,235186.37,0,0,0,0,0,0,357438.89,0,0,392216.38,0,0,1098315.12,0,339634.01,0,0,0,0,0,0,0,0,0,0,1573369.84,114469.49,1067815.86,533760.16,0,0,276305.34,0,0,0,0,0,0,0,395716.61,332719.42,0,405239.57,0,644403.62,429634.19,514128.46,408242.52,0,2398222.93,574256.07,516288.12,97611.3,250319.44,0,404832.91,344136.03,427389.49,470200.85,309524.96,0,27683.21,0,0,0,548241.24,405602.23,228793.74,643416.13,124730.71,607878.45,708421.47,469947.2,0,0,0,0,0,0,0,0,0,192688.59,0,0,156138.03,369685.5,585973.03,633537.67,164975.88,0,578957.73,278118.53,0,247476.7,209919.48,62090.39,0,315859.46,456084.53,489202.62,0,319735.44,665636.24,215874.93,1102790.19,3911.11,274064.58,0,0,259369.32,0,666983.3,2155786.3,0,558732.42,79506.1,118522.66,154594.78,690596.36,550963.88,298716.84,0,0,516903.98,0,558555.38,0,0,0,0,414124.56,0,477399.54,0,0,1398187.82,0,0,294315.37,286930.49,31055.53,487971.89,0,0,0,0,0,11623.6,252773.66,0,0,146906.43,0,0,0,0,589769.69,431666.53,0,0,0,0,0,639908.21,0,0,0,36064.12,327878.09,1350.75,589693.97,361606.42,233993.16,290851.09,1229700.51,109479230.4
438873.43,1670656.88,395752.61,810582.2,631222.17,201517.31,590625.42,0,658067.28,536865.73,513780.3,510687.13,0,0,0,271109.91,667489.93,1105603.74,0,535145.13,0,309096.25,0,0,0,0,0,0,0,0,0,0,0,0,705089.17,10022082.42,11872258.41,0,3732639.64,0,0,0,0,0,0,0,0,0,0,0,1223655.85,0,0,1574773.63,945913.7,0,0,880329.33,0,0,0,0,0,1300267.99,0,0,7705662.97,0,0,0,0,0,1316957.12,0,0,0,141812.92,294858.89,245585.81,0,0,0,0,0,0,0,0,1773763.81,0,359488.6,739944.89,0,0,126561.73,1356346.45,424756.74,1980983.22,450374.51,346579.47,0,0,0,0,0,658639.85,172121.71,513384.1,132667.67,358686.62,0,784904.77,0,557030.84,0,1180410.4,285320.04,291301.13,417665.72,0,1279514.55,0,1464968.47,0,0,0,0,456463.46,590569.84,0,0,0,392739.09,0,920380.07,296441.96,705194.85,0,0,0,576795.47,1177159.21,0,372043.4,862894.89,0,1159230.93,0,0,0,0,0,0,0,0,0,0,543312.89,185110.06,1194799.65,1860708.32,0,683660.05,311813.04,262963.16,242344.91,0,901714.92,373658.33,1060321.19,0,1257534.78,645224.91,866184.51,16151787.11,0,303001.22,426885.53,1943.84,590444.92,0,0,0,0,0,0,0,0,0,614211.78,0,0,0,0,0,0,0,0,0,512777.33,804724.45,0,0,0,0,849327.65,1001034.35,556843.94,0,708975.61,521600.03,0,0,663391.67,0,0,0,0,1151892.82,475576.39,788895.76,0,1081944.19,956464.2,709418.28,0,1224640.62,1256788.87,901040.96,639684.31,0,397951.02,556021.45,795443.45,0,1773184.64,638718.18,0,744927.79,0,1313160.44,0,768191.7,0,662466.4,1003363.79,3194568.79,664380.91,610942.22,1262764.38,854318.22,0,0,0,0,0,0,1459625.12,0,337218.28,0,0,0,0,0,0,1090300.5,0,0,610004.4,0,0,2193204.33,0,814808.14,0,0,0,0,0,0,0,0,384465.13,0,3631705.4,430125.26,1565670.89,831908.45,0,0,1211215.47,0,0,0,0,0,0,0,715679.91,597137.03,0,603522.72,0,1053299.35,887933.77,745134.6,678197.34,0,6762252.5,739712.15,1143941.26,139848.47,406183.04,0,626066.63,755565.77,654813.23,936018.76,1090906.04,0,553381.23,0,0,0,1036073.31,956276.11,470313.02,809196.89,293766.87,960000.97,979242.65,644237.66,0,0,0,0,0,0,0,0,0,408662.22,0,0,1199312.98,640060.32,915003.11,989060.62,346073.31,0,809701.53,532692.9,856337.18,480019.75,297547.27,89834.07,0,441204.05,662112.41,671679.12,0,425543.03,1203658.45,1351995.85,2818924.71,871260.91,626894.25,0,0,1143854.16,0,1279067.03,5292087.3,0,1045281.28,487370.58,826457.59,968104.69,1162709.33,1298827.97,431127.04,0,0,1057154.98,0,906020.92,0,0,0,0,978713.46,0,1049340.87,0,0,2343530.25,0,378515.75,544527.3,567210.75,676412.89,826589.31,0,0,0,0,0,194008.61,344520.38,0,0,295032.13,0,0,0,0,983575.68,647634.97,0,0,0,0,0,966642.32,0,0,0,214959.82,570260.96,1559855.4,1177062.76,506380,398692.95,413835.38,1836335.59,223305572.8
1817836.79,2232543.94,856276.8,1228340.4,1352138.08,223706.66,921541.75,0,1095517.53,3059235.64,924120.94,1123311.93,0,0,0,759239.4,1338431.77,2283320.82,0,996781.94,0,1179453.85,0,0,0,0,0,0,0,0,0,0,0,0,4018145.55,20201844.61,25148569.55,0,9762656.03,0,0,0,0,0,0,0,0,0,0,0,1803170.25,0,0,6070120.24,2130296.45,0,0,1552252.09,0,0,0,0,0,6271738.6,0,0,0,0,0,0,0,0,2326756.11,0,0,0,2632715.56,540091.76,390060.58,0,0,0,0,0,0,0,0,4602509.17,0,588603.55,1553942.14,0,0,1639816.94,3649491.41,629762.91,5369799.76,0,656912.88,0,0,0,0,0,811378.83,2206564.28,3682371.15,1104893.66,1284766.32,0,2036834.48,0,1127338.76,0,1766880.02,462698.35,723065.86,666047.82,0,2709892.97,0,2166683.43,0,0,0,0,730669.43,1925862.71,0,0,0,1735402.75,0,1895390.16,515964.61,1101104.36,0,0,0,1540312.3,4891001.05,0,581556.22,1598081.23,0,1761973.31,0,0,0,0,0,0,0,0,0,0,791040.64,233207.62,3161481.86,2849708.06,0,1084250.52,515280.47,1282295.54,1591626.35,0,1429529.45,507694.35,1579044.63,0,1570704.21,842842.86,4391220.43,33728421.42,0,736218.6,1063517.39,1305957.25,1240249.26,0,0,0,0,0,0,0,0,0,983299.56,0,0,0,0,0,0,0,0,0,1850480.65,2362181.42,0,0,0,0,1920126.16,3412997.79,1042443.69,0,3494801.18,1601506.36,0,0,2342967.57,0,0,0,0,2579116.7,2608185.58,2618059.12,0,6568319.89,2085423.07,1343060.47,0,1655930.34,1534977.2,1516929.93,837435.66,0,554150.37,758749.1,3848139.8,0,2351361.46,4577527.44,0,1324658.73,0,1612717.53,0,1963676,0,1052924.78,4404937.99,4350726.69,1083764.31,2465446.06,3755143.73,1153644.41,0,0,0,0,0,0,4138860.95,0,1288378.48,0,0,0,0,0,0,2984195.58,0,0,1048739.27,0,0,8282563.49,0,3483560.24,0,0,0,0,0,0,0,0,1664775.69,0,11718616.84,2800346.36,3202933.44,3615240.79,0,0,2089854.64,0,0,0,0,0,0,0,2888368.93,1749036.6,0,1999772.89,0,2526144.67,2305320.33,1895208.47,1764297.55,0,13268968.45,1490979.38,1852524.89,453928.25,854734.83,0,1160066.41,1088383.88,1045125.94,1757230.27,3567879.35,0,1363581.04,0,0,0,4309027.55,3906823.3,671774.32,1087700.69,477893.24,1594661.35,1866009.26,1380453.45,0,0,0,0,0,0,0,0,0,945604.02,0,0,5813666.36,1762180.03,1289577.88,1368033.07,910151.33,0,1252457.81,700356.1,1870825.67,889218.07,387211.2,393313.56,0,1158244.39,1025486.67,1076429.64,0,592388.13,3927931.12,2004399.77,3358466.3,1764055.19,929316.83,0,0,1696588.07,0,1970964.11,17654095.49,0,4771749.89,1798160.47,2851613.33,3361913.32,3358150.96,2102029.75,834592.18,0,0,3277038.06,0,2223167.18,0,0,0,0,1310866.02,95067.54,1311982.56,0,0,3200482.04,0,835315.33,929210.17,718455.03,5068995.95,2190582.01,0,0,0,0,0,1328692.64,680286.14,0,0,467455.47,0,0,0,0,4586793.79,1002461.07,0,0,0,0,0,3172844.5,0,0,0,969889.59,1750819.12,2529735.4,2935203.55,1088038.52,864001.06,763796.42,3066534.91,524308735.9
